Lake_Name,Year,Month,Target_NDCI,Air_Temp_C,Surface_Temp_C,Rainfall_mm,Wind_Speed,Lagged_NDTI,Lagged_Air_Temp_C,Lagged_Surface_Temp_C,Lagged_Wind_Speed
Mettur_Dam,2024,1,0.16229110299305927,25.0656087813839,32.72538120274862,20.80710804462433,1.0140381667779492,,25.10837418340867,32.72538120274862,1.1887562856575973
Mettur_Dam,2024,2,0.15139470997964757,27.71482063381154,37.9292042271955,6.262345559895038,1.180026853097659,-0.00032798921417095977,25.0656087813839,32.72538120274862,1.0140381667779492
Mettur_Dam,2024,3,0.14630024278065187,29.90734060143916,37.36148473550321,6.808655950240791,1.2367918245587328,0.01170129990188226,27.71482063381154,37.9292042271955,1.180026853097659
Mettur_Dam,2024,4,0.1388860071727832,32.30681633419465,39.72333611895067,7.856271577998996,1.3579066900059111,0.017842638105028796,29.90734060143916,37.36148473550321,1.2367918245587328
Mettur_Dam,2024,5,0.17029535713852512,29.345513731433527,41.565414098244105,285.60234245657915,0.35001708085340094,0.022173432488481352,32.30681633419465,39.72333611895067,1.3579066900059111
Mettur_Dam,2024,8,0.2833252006032243,26.554689743698304,38.68018924825344,190.8847459256649,0.6939810909401785,,26.39455010608964,38.68018924825344,1.3790048442597151
Mettur_Dam,2024,9,0.23051555356573736,27.538277626037598,39.88799852950626,43.97759949788451,1.2193945319280837,-0.019447169386065527,26.554689743698304,38.68018924825344,0.6939810909401785
Mettur_Dam,2024,10,0.26517106071925206,25.798899033249086,34.33479766992076,343.48163732886314,0.2620854292865574,-0.0031387581237596316,27.538277626037598,39.88799852950626,1.2193945319280837
Mettur_Dam,2024,11,0.2557524844577697,24.907679112752305,32.9772333460229,90.49640734121203,0.9531504567023702,-0.025447069037598177,25.798899033249086,34.33479766992076,0.2620854292865574
Mettur_Dam,2024,12,0.2311635181139036,24.25251044816872,33.950941372629245,85.12027467414737,0.7311318787301669,-0.01961964943189971,24.907679112752305,32.9772333460229,0.9531504567023702
Mettur_Dam,2025,1,0.2172030611231554,23.329285270937078,32.17409187845078,12.309828028082848,1.1621580910912181,-0.015197729400737488,24.25251044816872,33.950941372629245,0.7311318787301669
Mettur_Dam,2025,2,0.16414120083397038,25.98390434355963,34.58700812598971,6.835025774315,0.8390353421756045,-0.011523954598951617,23.329285270937078,32.17409187845078,1.1621580910912181
Mettur_Dam,2025,3,0.1807740772478777,28.36339426348286,39.11413790924291,43.29782144725323,0.7957930433728764,0.00710196825538153,25.98390434355963,34.58700812598971,0.8390353421756045
Mettur_Dam,2025,4,0.2107485135959196,29.064014964633543,40.449177973278324,25.77217403613031,0.3384086111006776,0.006303811103712772,28.36339426348286,39.11413790924291,0.7957930433728764
Mettur_Dam,2025,5,0.2423471780793735,28.414301029328385,39.469456455080376,339.4501990675926,0.6490086777563578,-0.005062633428144687,29.064014964633543,40.449177973278324,0.3384086111006776
Mettur_Dam,2025,6,0.2656133928440271,26.943602773878354,39.04483052439366,77.10727079212666,1.2233216698749823,-0.0071920259126894365,28.414301029328385,39.469456455080376,0.6490086777563578
Mettur_Dam,2025,9,0.25787083364066093,26.74810066223148,38.96253455649435,128.21497781574726,1.1350814753523257,,26.04152512088899,38.96253455649435,1.1187482014007146
Mettur_Dam,2025,11,0.2599430195996809,25.226127264234776,37.328183030960645,44.47541399113834,0.9154838017795683,,25.776417340514513,37.328183030960645,0.17017107589353037
Mettur_Dam,2026,1,0.1752051253020506,23.62901553082213,32.29169311614521,19.11391167342663,1.2169288101489018,,23.34026130348127,32.29169311614521,1.2641423434066348
Mettur_Dam,2026,2,0.14947431835333605,25.798992138817198,35.092536361115606,8.746005581691861,0.9802330642953814,-0.005313214551140156,23.62901553082213,32.29169311614521,1.2169288101489018
Mettur_Dam,2026,3,0.15440223990104038,28.698099144556238,38.801352141207985,17.952323339879513,0.9947081170105329,0.01391841389576615,25.798992138817198,35.092536361115606,0.9802330642953814
Mettur_Dam,2026,4,0.2140327353136078,30.950600751241097,36.51983045907269,19.835592646151785,1.0422314616281223,0.005930257665567883,28.698099144556238,38.801352141207985,0.9947081170105329
Mettur_Dam,2026,5,0.2114516907369249,,42.53184718256779,,,-0.0022341064295124447,30.950600751241097,36.51983045907269,1.0422314616281223
Bhavanisagar_Dam,2024,1,0.16637910476194842,24.04286432573872,31.317184515445547,17.54817082732916,0.554827360296416,,24.061690820673505,31.317184515445547,0.24706159938276723
Bhavanisagar_Dam,2024,2,0.14426341907780035,26.121014509529914,34.139157634382286,3.02481334656477,0.4681217620755025,-0.023660873812292243,24.04286432573872,31.317184515445547,0.554827360296416
Bhavanisagar_Dam,2024,3,0.12114486612925622,28.880406377648796,33.18414406506264,4.096071532927453,0.7716672934139059,-0.013659104910886073,26.121014509529914,34.139157634382286,0.4681217620755025
Bhavanisagar_Dam,2024,4,0.12540766124066505,30.747425058152942,36.21953188809118,8.500554796308279,0.6312127904102065,-0.00438570884638094,28.880406377648796,33.18414406506264,0.7716672934139059
Bhavanisagar_Dam,2024,9,0.12275283870198879,25.902630382114012,39.89763862718837,22.481549788266424,0.3670435711628205,,25.486128230761494,39.89763862718837,0.12883258204566722
Bhavanisagar_Dam,2024,11,0.21964677119774437,23.770954937405065,32.28970816960839,110.706144079566,0.16983757568119284,,24.6608099455475,32.28970816960839,0.1207995389180004
Bhavanisagar_Dam,2024,12,0.2056535211842627,23.205575069304473,33.121302605031815,49.547398149967194,0.07859279890263386,-0.03336868403397507,23.770954937405065,32.28970816960839,0.16983757568119284
Bhavanisagar_Dam,2025,1,0.15676315208362926,22.567508767240838,32.028410750482806,8.16978045925498,0.27172963587508137,-0.03188198090717071,23.205575069304473,33.121302605031815,0.07859279890263386
Bhavanisagar_Dam,2025,2,0.11461445626682637,24.900399530501602,33.631126332257,3.2595288548618555,0.3939780153466372,-0.02236853556341108,22.567508767240838,32.028410750482806,0.27172963587508137
Bhavanisagar_Dam,2025,3,0.12125260051452444,27.09156336630548,36.56795581109134,29.752230126410723,0.35996873738838436,-0.005538832873663488,24.900399530501602,33.631126332257,0.3939780153466372
Bhavanisagar_Dam,2025,4,0.15205686119418643,28.229119131300195,37.27556173843027,39.27628754451871,0.20031735700076875,-0.002323151911169359,27.09156336630548,36.56795581109134,0.35996873738838436
Bhavanisagar_Dam,2026,2,0.11213503561106564,24.37625974019369,32.64361465913976,6.576069073751569,0.320403887925896,,22.48422438918908,32.64361465913976,0.25649380489888635
Bhavanisagar_Dam,2026,3,0.1177932911108875,27.249184914045486,35.88705697935836,9.487161457538605,0.35924057478694726,-0.0005022806394869847,24.37625974019369,32.64361465913976,0.320403887925896
Bhavanisagar_Dam,2026,4,0.1250279982604035,29.47264122433137,35.751766943294854,15.063624650239943,0.277678771227217,-0.0053062196497610644,27.249184914045486,35.88705697935836,0.35924057478694726
Bhavanisagar_Dam,2026,5,0.12170133072415286,,38.4612038738843,,,0.0009220120622434641,29.47264122433137,35.751766943294854,0.277678771227217
Amaravathi_Dam,2024,1,0.29475714438785383,22.860181509038455,31.565277460678317,27.07859431952238,1.2051351845787999,,22.996636532199034,31.565277460678317,1.2471096766714531
Amaravathi_Dam,2024,2,0.25085818955860867,25.501565200981076,36.79932594003071,3.175697835162282,1.3534310819652025,-0.017224464520613478,22.860181509038455,31.565277460678317,1.2051351845787999
Amaravathi_Dam,2024,3,0.20378080726411293,28.61772944132491,38.126602485202966,5.557315263897181,0.8367447239584197,0.005529123278119271,25.501565200981076,36.79932594003071,1.3534310819652025
Amaravathi_Dam,2024,4,0.21284853512376248,30.212534650166845,48.21409537604137,16.652518931776285,0.6389445583593403,0.018596085618346737,28.61772944132491,38.126602485202966,0.8367447239584197
Amaravathi_Dam,2024,9,0.27223328814969955,25.314609548780652,46.29323197329472,35.591132543981075,2.2267281566645023,,24.643110652636494,46.29323197329472,1.5167202588757491
Amaravathi_Dam,2024,12,0.3044192108487745,23.133592962449598,34.07715869489732,97.01552674919367,0.5801965656479963,,23.368272103203708,34.07715869489732,0.701220311187526
Amaravathi_Dam,2025,1,0.14730688816999993,21.573929928195128,25.10894960144344,13.91743318736553,1.4239712696764102,-0.014487109803716825,23.133592962449598,34.07715869489732,0.5801965656479963
Amaravathi_Dam,2025,2,0.23808365740738527,25.54262016387213,36.77272038979038,3.4718362241983414,1.4021378916967608,-0.011885871062479497,21.573929928195128,25.10894960144344,1.4239712696764102
Amaravathi_Dam,2025,3,0.23105119759767867,27.09729410807296,37.13564812701628,47.71233545988798,0.7850755250943385,0.00681949975225294,25.54262016387213,36.77272038979038,1.4021378916967608
Amaravathi_Dam,2025,4,0.22217069405747436,27.25327820248077,43.125296365938425,99.58816525340079,0.7566990816395217,0.00889598332050704,27.09729410807296,37.13564812701628,0.7850755250943385
Amaravathi_Dam,2025,12,0.29731092280610694,21.462914403279626,32.25331330993083,30.680066592991352,1.098671805927602,,23.100571166144505,32.25331330993083,0.5434330531172686
Amaravathi_Dam,2026,1,0.15872250960877085,21.919839518557353,18.925847768479798,23.99309614300728,1.280427344032605,-0.012844626044918686,21.462914403279626,32.25331330993083,1.098671805927602
Amaravathi_Dam,2026,2,0.23115103731638134,24.096695473080615,33.84755815814765,10.932448469102383,1.1021146083719413,-0.005113236743858689,21.919839518557353,18.925847768479798,1.280427344032605
Amaravathi_Dam,2026,3,0.2124820522673298,27.710573942943313,39.70458402653742,36.82249617576599,0.8155047262499427,0.0049276043581422905,24.096695473080615,33.84755815814765,1.1021146083719413
Amaravathi_Dam,2026,4,0.21040573376736124,28.85112972259526,41.28159608869123,63.45351803302765,0.5101258970946468,0.00972342058566415,27.710573942943313,39.70458402653742,0.8155047262499427
Vaigai_Dam,2024,1,0.12272605318611797,22.892778220227967,28.50814564620748,13.472656264901161,0.5103265454741168,-0.04082176247530623,23.195382751957084,28.970350761120812,0.6169572730945946
Vaigai_Dam,2024,3,0.0910884751982482,27.69016045190955,31.414026757681313,5.025100529193878,0.6161691801111449,,24.928654146742588,31.414026757681313,0.5538044457448424
Vaigai_Dam,2024,4,0.09636874024073726,29.78312384287517,33.09936573264167,22.158980548381805,0.7066593597112248,-0.024925575610650542,27.69016045190955,31.414026757681313,0.6161691801111449
Vaigai_Dam,2024,5,0.1465373852893439,27.066445246050478,-12.834996489968432,156.4230556488037,0.47077256247376825,-0.022402348338436063,29.78312384287517,33.09936573264167,0.7066593597112248
Vaigai_Dam,2024,8,0.12071429678611212,25.027626886675478,33.9572009337856,407.4266128540039,0.7253247158718493,,24.840282632971366,33.9572009337856,1.0503772839101169
Vaigai_Dam,2025,1,0.10465638548136788,21.873178080076855,28.07572537807954,4.921394854784012,0.6676189710751816,,23.416523069976506,28.07572537807954,0.2459765004452225
Vaigai_Dam,2025,2,0.08027865811528818,24.72017433983939,30.381771518886808,1.7890238761901855,0.5340970423756615,-0.02878351572048549,21.873178080076855,28.07572537807954,0.6676189710751816
Vaigai_Dam,2025,3,0.08006088210803972,26.21703589654743,32.6368253763672,46.37864398956299,0.4077649797081415,-0.01868921332056409,24.72017433983939,30.381771518886808,0.5340970423756615
Vaigai_Dam,2025,4,0.1235067458121161,26.811153093973815,35.36240211716188,96.27962911128998,0.17998618430085872,-0.017069475482703766,26.21703589654743,32.6368253763672,0.4077649797081415
Vaigai_Dam,2025,5,0.1203561756810751,26.227612206243748,37.79322175664328,135.2282600402832,0.859508481316023,-0.028781785570492442,26.811153093973815,35.36240211716188,0.17998618430085872
Vaigai_Dam,2025,7,0.08370894674383071,24.42497139387234,33.93617391195369,96.68579006195068,1.2933376619300134,,25.0056497573853,33.93617391195369,1.1773180992381698
Vaigai_Dam,2025,8,0.1030742147388185,24.41707115583523,-51.15920288252312,299.7617702484131,1.0485952261505214,-0.03735187320051119,24.42497139387234,33.93617391195369,1.2933376619300134
Vaigai_Dam,2025,9,0.08735331460509581,24.771820280287045,33.19361622958593,156.07089519500732,1.0359080149975604,-0.005743471021567036,24.41707115583523,-51.15920288252312,1.0485952261505214
Vaigai_Dam,2025,11,0.09895662632948002,23.48841838836671,32.974962583014644,167.43850326538086,0.3276437596999169,,24.293160662087075,32.974962583014644,0.35813991300139847
Vaigai_Dam,2026,1,0.09772731428138222,22.276521096178328,29.4488509858935,5.592185974121094,0.6798408459021188,,21.837725391182857,29.4488509858935,0.4889047951525911
Vaigai_Dam,2026,3,0.09610221123082137,26.750867646740346,38.09600663855167,14.550632953643799,0.48334091059124223,,24.144703983125282,38.09600663855167,0.5425986456277634
Vaigai_Dam,2026,4,0.1131805746132532,28.684441354539672,34.18211525372715,43.24876117706299,0.35275458116689073,-0.005270084971132299,26.750867646740346,38.09600663855167,0.48334091059124223
Pechiparai_Dam,2024,1,0.3115940492238417,25.93259414344709,34.0587924080246,27.685104548931122,1.3435291673117624,-0.0286582400291307,25.431303975915398,33.530762313129514,1.161274532760124
Pechiparai_Dam,2024,3,0.3996082316360268,29.00754326440955,38.011107283493004,32.06086802482605,0.17311181871548717,,27.911785993904914,38.011107283493004,1.2144138188446907
Pechiparai_Dam,2024,4,0.2817769106268743,29.385681894090453,25.350005688240344,96.0572578907013,0.701047674494584,-0.035038067505201484,29.00754326440955,38.011107283493004,0.17311181871548717
Pechiparai_Dam,2024,5,0.4166784180254255,27.032021417925478,36.9332605934145,425.37653052806854,2.481228418133074,-0.02409859422454782,29.385681894090453,25.350005688240344,0.701047674494584
Pechiparai_Dam,2024,9,0.33562657918420746,25.82638797760012,28.28123935277125,90.38321924209595,3.318216553542058,,25.460320204047775,28.28123935277125,2.725047666635234
Pechiparai_Dam,2025,1,0.34265058858065645,24.98920788098411,33.533815277808,24.223249435424805,1.6347696263909746,,25.307851615003358,33.533815277808,0.627663983741865
Pechiparai_Dam,2025,2,0.3268559106438788,26.78730719884237,35.939569907567716,32.86333513259888,0.9076043360017227,-0.018595188495792205,24.98920788098411,33.533815277808,1.6347696263909746
Pechiparai_Dam,2025,3,0.38859793805915666,27.491014181157595,35.013502464151884,106.8506680727005,0.16241980927860827,-0.0053853822435391135,26.78730719884237,35.939569907567716,0.9076043360017227
Pechiparai_Dam,2025,5,0.416920749698194,26.47321504982574,36.77022466108218,314.55029678344727,3.2312944801665444,,26.70339756011964,36.77022466108218,1.549377025425187
Pechiparai_Dam,2025,7,0.4008289394951723,25.169718432682828,32.56541088267778,84.10237979888916,4.054496504220411,,25.512982114156102,32.56541088267778,3.6825754909763266
Pechiparai_Dam,2025,11,0.3810422455597422,24.515102958679222,35.11742224003433,329.64862751960754,0.8543563510561444,,25.49306195576986,35.11742224003433,1.5487248746825408
Pechiparai_Dam,2026,1,0.32346672337291543,25.48440027544575,33.137561135324404,5.43019637465477,1.106609247855976,,24.25390902693556,33.137561135324404,0.979089462796373
Pechiparai_Dam,2026,3,0.38906885324144197,27.28033253249305,34.441212989641144,26.623932600021362,0.16123748611482314,,26.687725048973448,34.441212989641144,0.8471985166518916
Pechiparai_Dam,2026,4,0.4121335844822337,28.713315052456323,34.01192918730726,86.66800665855408,1.3319309257885013,-0.03717295977658965,27.28033253249305,34.441212989641144,0.16123748611482314
Papanasam_Dam,2024,1,0.2008343097493561,22.699691862701115,23.69851880328133,65.10380560159683,1.325633492041886,0.00018665459488469374,22.777742147958406,15.97566398525953,1.1007487824772744
Papanasam_Dam,2024,3,0.28258714541535085,26.388221502816805,32.29099831871366,32.19393843412399,0.4325862082263911,,24.519426753603227,32.29099831871366,1.311074425686788
Papanasam_Dam,2024,4,0.2728341926634602,27.1576898150974,36.27459781165021,114.37704658508301,0.22789735459194077,-0.011092344822329809,26.388221502816805,32.29099831871366,0.4325862082263911
Papanasam_Dam,2024,5,0.3104445856861263,24.854809451359586,38.29042082931761,454.5270539522171,1.579600434175513,-0.012455001895052196,27.1576898150974,36.27459781165021,0.22789735459194077
Papanasam_Dam,2024,9,0.3171368078682408,23.636530664232055,32.92905250804529,83.47772145271303,2.168994449741057,,23.371731284356883,32.92905250804529,1.8534793673228414
Papanasam_Dam,2025,1,0.0018809947518627459,22.059992911226004,11.890702896968946,55.5225635766983,1.5608290258024664,,22.71329568842407,11.890702896968946,0.4358003057072173
Papanasam_Dam,2025,2,0.30813257605318267,23.473542899177232,29.979815592116324,28.779464125633243,1.2934812905298518,0.003239223960157976,22.059992911226004,11.890702896968946,1.5608290258024664
Papanasam_Dam,2025,3,0.29327189038085255,24.974436245169727,32.923510180906476,110.55393797159196,0.4729053003657239,-0.020934393628166438,23.473542899177232,29.979815592116324,1.2934812905298518
Papanasam_Dam,2025,5,0.31767029829582627,24.243764865013873,39.0713083058223,376.59249114990234,2.127196290564215,,24.457455719841846,39.0713083058223,1.006459057756445
Papanasam_Dam,2025,7,0.30646588259184043,22.839611430834736,26.843345709956225,127.59207534790039,2.7026463987858094,,23.25900533464221,26.843345709956225,2.4558484805778478
Papanasam_Dam,2025,11,0.36205099120976836,22.136701265970885,35.84203370045884,341.7686410546302,0.43477365493623543,,23.021282511885488,35.84203370045884,0.9749801180721412
Papanasam_Dam,2026,1,0.1345987107734745,22.23787862306,19.99326557925417,19.36133462190628,1.3218947807465449,,21.61039371695574,19.99326557925417,1.1000796349296227
Papanasam_Dam,2026,3,0.18882363438520752,24.824149211760528,28.171857114757245,22.241673648357395,0.283288406947119,,23.587421035766624,28.171857114757245,1.0288854191081551
Papanasam_Dam,2026,4,0.21801587790494092,26.672882652282738,33.9975413493637,105.09789967536926,0.7620558637240066,-0.01405552176608479,24.824149211760528,28.171857114757245,0.283288406947119
Sholayar_Dam,2024,1,0.30797767233629125,23.971588389078818,28.29340517298681,50.56554079055786,0.7586475525369637,,23.954754601755496,28.29340517298681,1.035160964476697
Sholayar_Dam,2024,2,0.31510705361585223,25.99759721427131,28.288898308058265,5.243408560752869,0.5890195698548087,-0.022726507600158673,23.971588389078818,28.29340517298681,0.7586475525369637
Sholayar_Dam,2024,3,0.3130241811809367,26.444872628488895,29.220613218442622,19.737873077392578,0.32653723891151093,-0.01961740461648936,25.99759721427131,28.288898308058265,0.5890195698548087
Sholayar_Dam,2024,4,0.3176703177026769,26.67868048350016,27.412306138082897,40.57909417152405,0.39849557490593657,-0.027209738468898157,26.444872628488895,29.220613218442622,0.32653723891151093
Sholayar_Dam,2024,9,0.3383735316384866,23.018545638190403,29.54610797106045,65.92010176181793,0.6096647641384746,,23.02595990498861,29.54610797106045,0.5876927531195102
Sholayar_Dam,2024,12,0.2952363488297043,23.302548775621688,26.37321841247814,109.71570312976837,0.4741560384495186,,23.430498123168945,26.37321841247814,0.6806769551109365
Sholayar_Dam,2025,1,0.30638383353915055,24.028519771945128,27.42419403684812,22.281134128570557,1.1212978744266553,-0.020810380715267023,23.302548775621688,26.37321841247814,0.4741560384495186
Sholayar_Dam,2025,2,0.3102208489223958,25.55472256342574,28.62614489269555,5.0468398332595825,0.5736554843892046,-0.026517690993653177,24.028519771945128,27.42419403684812,1.1212978744266553
Sholayar_Dam,2025,3,0.33540603516954837,25.662920683173752,29.371929281636085,156.85567045211792,0.09678470963890945,-0.018855894627139276,25.55472256342574,28.62614489269555,0.5736554843892046
Sholayar_Dam,2025,4,0.3418558954737832,24.553348731994674,29.424311062067204,185.65793323516846,0.20003117894088634,-0.02366034667761008,25.662920683173752,29.371929281636085,0.09678470963890945
Sholayar_Dam,2025,12,0.2970023745683652,22.938303453178833,26.259626524933537,44.7336140871048,0.9203334882344373,,22.9147503111098,26.259626524933537,0.5512829828196327
Sholayar_Dam,2026,1,0.2957453343059342,23.50390264859766,24.49634787268002,30.38280415534973,1.0525597093491699,-0.02003248756851457,22.938303453178833,26.259626524933537,0.9203334882344373
Sholayar_Dam,2026,2,0.3090953748953416,24.40959946768629,26.28075651935245,41.77487897872925,0.6100456349586696,-0.018534436526934817,23.50390264859766,24.49634787268002,1.0525597093491699
Sholayar_Dam,2026,3,0.200518813488199,25.226343327183884,27.964422631893967,49.078728675842285,0.19248046281670533,-0.017256887892955357,24.40959946768629,26.28075651935245,0.6100456349586696
Sholayar_Dam,2026,4,0.32821824824758644,26.059294870164706,32.053109708751435,60.722585678100586,0.514302564161072,-0.003603339900090973,25.226343327183884,27.964422631893967,0.19248046281670533
Aliyar_Dam,2024,1,0.21453873279164049,23.18959109125177,30.81417834201659,36.641860008239746,1.7466857016812745,,23.075365320841513,30.81417834201659,1.8035073165048632
Aliyar_Dam,2024,2,0.19182554630365484,25.86750674192939,32.39535418886817,5.19592559337616,1.7618293400927452,-0.017728982602526977,23.18959109125177,30.81417834201659,1.7466857016812745
Aliyar_Dam,2024,3,0.1942742447919334,28.07743661258388,34.536940981626856,6.018555760383606,0.7422615488361417,-0.009118971459646134,25.86750674192939,32.39535418886817,1.7618293400927452
Aliyar_Dam,2024,4,0.20251661621590977,29.08490064409051,39.35527163590564,22.91211700439453,0.43209741155897663,-0.0055309399820526505,28.07743661258388,34.536940981626856,0.7422615488361417
Aliyar_Dam,2024,9,0.23269662031414154,23.735949247854762,36.55781830654405,29.84521508216858,2.1504610571536165,,23.631737549757872,36.55781830654405,1.739224629799616
Aliyar_Dam,2024,12,0.21584262902140045,23.050461767053093,32.236435873799735,123.38579070568085,0.9088495323045427,,23.094755935668957,32.236435873799735,1.3282644057724446
Aliyar_Dam,2025,1,0.2150146141129502,22.693885230334445,29.12411365074854,18.83273148536682,2.2338514158271585,-0.022880675342259443,23.050461767053093,32.236435873799735,0.9088495323045427
Aliyar_Dam,2025,2,0.17669626527129548,25.749046875181648,33.12352137776634,5.588400185108185,2.061618353737925,-0.04436469044349888,22.693885230334445,29.12411365074854,2.2338514158271585
Aliyar_Dam,2025,3,0.1959658996655196,27.020298805373614,35.417550564904104,118.7144844532013,0.9036420811394235,-0.006569845394104318,25.749046875181648,33.12352137776634,2.061618353737925
Aliyar_Dam,2025,4,0.2295090803418954,26.280586687723826,32.46780854611461,127.11128664016724,0.898419907426949,-0.008988581364831503,27.020298805373614,35.417550564904104,0.9036420811394235
Aliyar_Dam,2025,12,0.2208031246795803,21.884648519263123,28.8867672804451,39.36110079288483,1.7736428224684324,,22.71704613720931,28.8867672804451,0.8580135134487779
Aliyar_Dam,2026,1,0.14742717121758186,22.50630205215947,21.909275102752986,32.44647145271301,2.031257052712668,-0.020278241408145204,21.884648519263123,28.8867672804451,1.7736428224684324
Aliyar_Dam,2026,2,0.18656401858851257,24.42889432755726,29.298680976561172,13.241289138793945,1.548082816450188,-0.00848406486908942,22.50630205215947,21.909275102752986,2.031257052712668
Aliyar_Dam,2026,3,0.1912142670000637,27.14678148522603,36.24342959544981,34.969442486763,0.6440692974221124,-0.011624808874698484,24.42889432755726,29.298680976561172,1.548082816450188
Aliyar_Dam,2026,4,0.09945399504931661,28.101514922248043,25.935592896925982,55.91504907608032,0.7274168302487795,-0.009156902127129482,27.14678148522603,36.24342959544981,0.6440692974221124
Krishnagiri_Dam,2024,1,0.17588148307003248,22.811432139078818,34.51733046206073,19.168826487756547,1.5858843425068185,,23.353588502125092,34.51733046206073,1.7103571363256656
Krishnagiri_Dam,2024,2,0.12048826753206993,25.49055642314346,30.862384807443902,4.6412146764416855,1.7298417903746146,0.01784488657490946,22.811432139078818,34.51733046206073,1.5858843425068185
Krishnagiri_Dam,2024,3,0.13427951617244607,28.157075459470036,39.76244628658429,3.7704635983513244,1.820464407694125,0.02337030140455119,25.49055642314346,30.862384807443902,1.7298417903746146
Krishnagiri_Dam,2024,4,0.12841476601739749,30.60787970225016,46.852059614251914,5.151361382776691,1.9982308255189025,0.032763362126660776,28.157075459470036,39.76244628658429,1.820464407694125
Krishnagiri_Dam,2024,5,0.12930826708739576,28.91507543338247,48.207647928586425,160.6867533653013,0.797980397980838,0.040677203988875775,30.60787970225016,46.852059614251914,1.9982308255189025
Krishnagiri_Dam,2024,6,0.2892729388190651,27.021694776746983,38.13500406427619,266.6018417112289,3.148214155288966,0.03629518704246192,28.91507543338247,48.207647928586425,0.797980397980838
Krishnagiri_Dam,2024,8,0.2986452205328066,25.846338034188875,35.63809168362127,180.15120500133884,2.071002022595639,,26.09397099402645,35.63809168362127,4.408361980720597
Krishnagiri_Dam,2024,10,0.28998235445851256,24.979150944371384,25.964723486861203,358.5887983383671,0.26598496864893356,,26.74831723107235,25.964723486861203,3.0912411801645834
Krishnagiri_Dam,2025,1,0.26149215944337517,21.429157162738136,30.616691472294292,12.749918137827226,1.6432909126240294,,22.68311938214049,30.616691472294292,1.3223991060265479
Krishnagiri_Dam,2025,2,0.18788493226896022,24.250947684333482,36.756667916989954,4.846767077522893,1.3702617745690444,-0.0042193497015149024,21.429157162738136,30.616691472294292,1.6432909126240294
Krishnagiri_Dam,2025,3,0.15717165382321874,27.21090612924229,41.20584581946707,21.544086090980034,1.4120176729637717,0.01895413084848527,24.250947684333482,36.756667916989954,1.3702617745690444
Krishnagiri_Dam,2025,4,0.1917252151310708,28.358947690327966,41.263324950784636,26.471774101257324,0.5401163311466652,0.0217544378094925,27.21090612924229,41.20584581946707,1.4120176729637717
Krishnagiri_Dam,2025,5,0.2260656418393083,27.514438063098567,39.68474179374505,237.12250687999108,2.172928242274758,0.013845657042914655,28.358947690327966,41.263324950784636,0.5401163311466652
Krishnagiri_Dam,2025,6,0.27460361485782353,26.634604835510288,39.669537361768676,70.54047585302784,3.8753742994955225,0.005848364884536811,27.514438063098567,39.68474179374505,2.172928242274758
Krishnagiri_Dam,2025,9,0.30211499348197324,25.847758865356468,34.02760382853461,147.9793920670786,3.0109899919954604,,25.46258369363767,34.02760382853461,3.1380394393801656
Krishnagiri_Dam,2025,11,0.2982169254507157,23.471664916144505,37.052854051992085,17.453273146383225,1.6454422700787996,,24.563781356811546,37.052854051992085,0.6426396500039545
Krishnagiri_Dam,2026,1,0.18450150115331337,21.630950279646072,32.49532058653017,20.38188486714517,1.8423836089178913,,20.985144325994725,32.49532058653017,1.7216978655278286
Krishnagiri_Dam,2026,2,0.16471697488976886,23.80388657706129,32.63935796543376,4.976420064126292,1.5917462861659237,0.01708813810545881,21.630950279646072,32.49532058653017,1.8423836089178913
Krishnagiri_Dam,2026,3,0.14595397144765962,27.244567243514553,43.87129952661854,10.440733244342189,1.4546908031965426,0.02660672137597797,23.80388657706129,32.63935796543376,1.5917462861659237
Krishnagiri_Dam,2026,4,0.15221285119933117,30.128535864088292,41.33434767458982,26.37886146576174,1.17468103043782,0.0276287106256548,27.244567243514553,43.87129952661854,1.4546908031965426
Krishnagiri_Dam,2026,5,0.15629033558176092,,44.35729227343302,,,0.026547506920026068,30.128535864088292,41.33434767458982,1.17468103043782
Sathanur_Dam,2024,1,0.18972162871679163,23.9250284092401,29.824159764427463,24.532010555267334,1.365518091248251,,24.38551677990995,29.824159764427463,1.6604824613901357
Sathanur_Dam,2024,2,0.10462444624274223,26.120363117086526,25.80053951835987,3.4127007722854614,1.4278299559960397,-0.025928032914786462,23.9250284092401,29.824159764427463,1.365518091248251
Sathanur_Dam,2024,3,0.13394557364178333,28.304902279761507,35.25827440790118,4.41105854511261,1.3820435781208273,-0.007948784971019125,26.120363117086526,25.80053951835987,1.4278299559960397
Sathanur_Dam,2024,4,0.1361713556454425,31.01833129458953,-45.42121553000982,3.1164051294326782,1.6225382834928213,-0.002559567234525594,28.304902279761507,35.25827440790118,1.3820435781208273
Sathanur_Dam,2024,5,0.11670529329078139,30.384793792232415,17.931010079579607,169.58327865600586,0.6766821059606857,0.025125979319976465,31.01833129458953,-45.42121553000982,1.6225382834928213
Sathanur_Dam,2024,6,0.3006806152503124,29.374582756890163,35.40801387094075,264.1680107116699,2.291812018097409,0.012213927528484858,30.384793792232415,17.931010079579607,0.6766821059606857
Sathanur_Dam,2024,8,0.3080652920820223,28.19356277219714,30.734477924646285,229.68545579910278,1.6442585931228162,,28.669979780463734,30.734477924646285,3.5097451673652875
Sathanur_Dam,2024,10,0.2823756677645647,26.707374191284202,29.800349026284607,336.56858825683594,0.1645754834778523,,29.989389144049824,29.800349026284607,2.644749413188958
Sathanur_Dam,2025,1,0.22980910637343385,22.810819182857415,27.975354850983763,15.278600573539734,1.586128302449351,,24.25265483240935,27.975354850983763,1.2640821452024358
Sathanur_Dam,2025,2,0.1667550450107423,25.1815430822827,28.4601721960845,5.013054013252258,1.058816135467163,-0.03104243920583437,22.810819182857415,27.975354850983763,1.586128302449351
Sathanur_Dam,2025,3,0.16228404444976427,27.873639637936833,33.05620522318202,29.98364508152008,1.1574843594495992,-0.018906648899007325,25.1815430822827,28.4601721960845,1.058816135467163
Sathanur_Dam,2025,4,0.2333160936428868,30.22733419206412,36.70643522248304,17.803431034088135,0.8557480138538069,-0.012442655741189962,27.873639637936833,33.05620522318202,1.1574843594495992
Sathanur_Dam,2025,5,0.2233135700547505,30.02482322774904,34.9136634469412,274.7075366973877,1.475569173427696,-0.022863681839171476,30.22733419206412,36.70643522248304,0.8557480138538069
Sathanur_Dam,2025,6,0.2681905734545138,29.618149757385254,35.07395782259232,94.97281098365784,3.2465750586405875,-0.01447369082557729,30.02482322774904,34.9136634469412,1.475569173427696
Sathanur_Dam,2025,9,0.2922575093046268,28.760161548190695,32.71736533685646,201.5110912322998,2.4412992600318884,,28.379160448300013,32.71736533685646,2.5365149215156286
Sathanur_Dam,2025,11,0.28831022834723363,25.176411755879826,33.641444668188456,106.11143606901169,1.5268275123857349,,26.45472203326483,33.641444668188456,0.5077439726596547
Sathanur_Dam,2026,1,0.1913356961657921,22.694217156851153,27.664569611407842,20.326292753219604,1.7705007728930746,,22.621195955173903,27.664569611407842,1.6369901837391183
Sathanur_Dam,2026,2,0.13759197254448288,24.726155762445387,23.360050911565224,4.542468845844269,1.468763427960267,-0.02315771627695129,22.694217156851153,27.664569611407842,1.7705007728930746
Sathanur_Dam,2026,3,0.1326744914542589,27.84089975254517,37.31491518725511,14.012355387210846,1.2752879118083313,-0.006468618715218079,24.726155762445387,23.360050911565224,1.468763427960267
Sathanur_Dam,2026,4,0.1363128343411642,30.58348852793381,39.4646673698511,20.26931345462799,1.3522218392754373,-0.00486020937644064,27.84089975254517,37.31491518725511,1.2752879118083313
Sathanur_Dam,2026,5,0.18656025062511528,,38.547078852824484,,,0.0012144582783269922,30.58348852793381,39.4646673698511,1.3522218392754373
Manimuthar_Dam,2024,1,0.312055451804878,23.312082305689444,27.80207944319841,51.604886174201965,1.5299129609883855,-0.041530321701369964,23.485699207210246,25.58093411552693,1.1828284171892638
Manimuthar_Dam,2024,3,0.3427374467360718,27.33162813084101,30.46139442556921,21.67401522397995,0.8011116236326429,,25.120440171048074,30.46139442556921,1.619858224837141
Manimuthar_Dam,2024,4,0.32419651805677824,28.544330801787282,25.482333123372882,86.41285336017609,0.21803741079775563,-0.029745604955149652,27.33162813084101,30.46139442556921,0.8011116236326429
Manimuthar_Dam,2024,5,0.3191354494514993,26.44525523989006,39.19695641271056,262.56670808792114,1.3302572057140907,-0.03271814641318817,28.544330801787282,25.482333123372882,0.21803741079775563
Manimuthar_Dam,2024,9,0.2894790340524569,25.62697120242649,39.70045381590563,67.87427711486816,2.108993182822577,,25.145063777636494,39.70045381590563,1.7191127224391076
Manimuthar_Dam,2025,1,0.016165819501785934,22.587288533145852,12.89958918998235,51.48017692565918,1.7521742875843784,,23.547122553343456,12.89958918998235,0.6678126537128384
Manimuthar_Dam,2025,2,0.3575631704423005,24.11066176853484,28.547102313866446,29.492255449295044,1.6191848224516443,0.001583335565056448,22.587288533145852,12.89958918998235,1.7521742875843784
Manimuthar_Dam,2025,3,0.3453497470967087,25.6542060004341,31.273355198744525,97.95370841026306,0.659707949085311,-0.030903475639752796,24.11066176853484,28.547102313866446,1.6191848224516443
Manimuthar_Dam,2025,5,0.34528086053107687,26.0216642755762,38.29692501297518,233.00971221923828,1.8505565924212428,,25.95010075745762,38.29692501297518,0.8581947401875417
Manimuthar_Dam,2025,7,0.35140542218513404,24.653818665097674,33.316976483840676,74.74729108810425,2.4591562509345244,,25.019828902350525,33.316976483840676,2.2239850078386656
Manimuthar_Dam,2025,11,0.3890678753228127,23.075049428586624,35.77139103440555,378.3303791284561,0.6639362153706104,,24.46621523757989,35.77139103440555,0.8181265812646964
Manimuthar_Dam,2026,1,0.33757088052964296,22.939938679903662,25.087820352586846,17.488909602165222,1.677275225935296,,22.20735517248886,25.087820352586846,1.2673068171535204
Manimuthar_Dam,2026,3,0.34502365110825906,25.895456650436643,30.414811660141197,28.77236795425415,0.5689674394117106,,24.43489902435789,30.414811660141197,1.393084994676159
Manimuthar_Dam,2026,4,0.31632330963241023,28.135744342097553,32.41354744342323,79.33258080482483,0.4574574894596427,-0.03718688578464832,25.895456650436643,30.414811660141197,0.5689674394117106
Idukki_Dam,2024,1,0.1468515801306992,22.216054534912132,27.19745176934714,38.83267414569855,0.9065212382432561,,22.31712491845576,27.19745176934714,1.0459451850243544
Idukki_Dam,2024,2,0.14064674156611007,24.094243227202355,29.019300011549376,3.4667260963469744,0.9829643590277088,-0.013748626226635571,22.216054534912132,27.19745176934714,0.9065212382432561
Idukki_Dam,2024,3,0.14933653818256706,25.99961525701707,30.68463925396111,23.972028743475676,0.24024938325086057,-0.011423562508254874,24.094243227202355,29.019300011549376,0.9829643590277088
Idukki_Dam,2024,4,0.1714428111222291,26.842178747389084,32.17855291659225,37.17037977650761,0.3374607445161826,-0.016291007902808408,25.99961525701707,30.68463925396111,0.24024938325086057
Idukki_Dam,2024,9,0.19477000062253888,21.730340343051523,26.167829093835167,83.73822804540396,1.2372908475894928,,21.866255183886494,26.167829093835167,0.9894941764256138
Idukki_Dam,2024,12,0.13634977526989456,21.86283575898858,25.96245086351138,82.85718151554467,0.2934481139053985,,21.822737163967588,25.96245086351138,0.4909348019785523
Idukki_Dam,2025,1,0.1536723293186194,21.816511203396715,27.699340697534126,29.049346640706062,1.0721478886783014,-0.008786894766887052,21.86283575898858,25.96245086351138,0.2934481139053985
Idukki_Dam,2025,2,0.13099581826947293,23.412283947354297,28.312634353152248,3.9985306188464156,0.814650090087979,-0.018534248109084658,21.816511203396715,27.699340697534126,1.0721478886783014
Idukki_Dam,2025,3,0.14205710190742596,24.654761660996314,31.698961448970863,154.81024707853794,0.3751997620523425,-0.005991611691161356,23.412283947354297,28.312634353152248,0.814650090087979
Idukki_Dam,2025,4,0.1834674537869829,23.413130633036303,31.340932833295255,223.49792537093163,0.13607108958681458,-0.011296785834824487,24.654761660996314,31.698961448970863,0.3751997620523425
Idukki_Dam,2025,12,0.14042582143344634,21.057517582883122,26.823260719150937,31.168097119778395,0.8469436174877172,,21.321993149651462,26.823260719150937,0.30437194684726504
Idukki_Dam,2026,1,0.14240181051844664,21.23063578451837,23.994542962721823,24.49949375540018,0.8599446111353708,-0.010565215229887768,21.057517582883122,26.823260719150937,0.8469436174877172
Idukki_Dam,2026,2,0.13468228248069028,22.34839283171158,27.687826204019302,33.800734711810954,0.6793406282671981,-0.008510647620371556,21.23063578451837,23.994542962721823,0.8599446111353708
Idukki_Dam,2026,3,0.14055162343893912,24.109166327855917,31.434741991623355,45.9185985699296,0.2640967895288966,-0.004798530222743693,22.34839283171158,27.687826204019302,0.6793406282671981
Idukki_Dam,2026,4,0.16860130230415676,25.524035538567432,31.0239719397174,71.69693066179752,0.34549148544524705,-0.016470607137438798,24.109166327855917,31.434741991623355,0.2640967895288966
Mullaperiyar_Dam,2024,1,0.28163917887349493,21.655972314650057,27.330318885933252,34.148024559020996,1.24301844348521,,21.58329857857001,27.330318885933252,1.2845446252968866
Mullaperiyar_Dam,2024,2,0.23037328076117217,23.356044760517648,34.20604027738818,4.415842056274414,1.3473467330894286,-0.011470742549658795,21.655972314650057,27.330318885933252,1.24301844348521
Mullaperiyar_Dam,2024,3,0.21519241286469604,24.966217213292282,34.72889338686559,30.83090591430664,0.44495235129795757,0.00015344337163352117,23.356044760517648,34.20604027738818,1.3473467330894286
Mullaperiyar_Dam,2024,4,0.2240604814644443,25.188855722215465,31.082646814515215,91.19170904159546,0.03767411747199383,0.0006272713031975878,24.966217213292282,34.72889338686559,0.44495235129795757
Mullaperiyar_Dam,2024,9,0.3251079594442595,21.688364431593186,27.158369741270405,100.1827187538147,1.6809676278769323,,21.685125810356624,27.158369741270405,1.4378231022422294
Mullaperiyar_Dam,2024,12,0.3083509306141785,21.35835459719425,27.74985335077099,81.30976641178131,0.39847620410840634,,21.256382454766197,27.74985335077099,0.5867666746623597
Mullaperiyar_Dam,2025,1,0.2587035331647063,20.999864094231725,29.32932092131034,24.0779390335083,1.49970397252255,-0.01569213187655221,21.35835459719425,27.74985335077099,0.39847620410840634
Mullaperiyar_Dam,2025,2,0.20090735379247837,22.5527701650347,33.684037244195,4.9420008063316345,1.2929062063173764,-0.01089499022373715,20.999864094231725,29.32932092131034,1.49970397252255
Mullaperiyar_Dam,2025,3,0.21040665690455115,23.512743353074598,34.95741909448009,198.2240228652954,0.574486376209954,0.007967544134411862,22.5527701650347,33.684037244195,1.2929062063173764
Mullaperiyar_Dam,2025,4,0.11921060230454009,22.72849657270649,25.933578014896057,296.96777057647705,0.5891356011168891,0.00623681117965284,23.512743353074598,34.95741909448009,0.574486376209954
Mullaperiyar_Dam,2025,12,0.2855498170354419,20.475368200322634,26.46304115645978,31.944740414619446,1.066941257578817,,20.757439655727808,26.46304115645978,0.38598974903438193
Mullaperiyar_Dam,2026,1,0.24613167877503161,20.64471141035841,29.09770364893427,24.916780948638916,1.2199038848080812,-0.009441151658373767,20.475368200322634,26.46304115645978,1.066941257578817
Mullaperiyar_Dam,2026,2,0.2158997019622498,21.795275533766983,31.970464655531543,29.84178936481476,0.9461652627570818,-5.033930359644509e-05,20.64471141035841,29.09770364893427,1.2199038848080812
Mullaperiyar_Dam,2026,3,0.20639439983218466,22.753444905434947,35.972171629728564,46.49536073207855,0.4068624725877032,0.01039047629519133,21.795275533766983,31.970464655531543,0.9461652627570818
Mullaperiyar_Dam,2026,4,0.24456324120764333,24.176907581753255,38.000684423160294,90.86172485351562,0.40127400188350265,0.00741252347372547,22.753444905434947,35.972171629728564,0.4068624725877032
Malampuzha_Dam,2024,1,0.22429643818065015,24.976250687465892,35.029834329608946,9.565046608448029,1.6647274190150247,,24.409467828402,35.029834329608946,1.7391638942054213
Malampuzha_Dam,2024,2,0.207673418005464,27.273686586577355,35.42392805002396,1.665854960680008,1.502121600433509,-0.010243508088828651,24.976250687465892,35.029834329608946,1.6647274190150247
Malampuzha_Dam,2024,3,0.20062120322250782,28.490920700565482,37.77993235527015,11.049485206604004,0.17050122859212977,-0.0014833677775344038,27.273686586577355,35.42392805002396,1.502121600433509
Malampuzha_Dam,2024,4,0.22270415364999496,29.576160409715442,40.12285967969626,13.998698651790619,0.7071512754072383,-0.0022006339250560834,28.490920700565482,37.77993235527015,0.17050122859212977
Malampuzha_Dam,2024,9,0.3053734260114518,24.099741384718186,34.94355585327787,61.02790021896362,1.9002944618312816,,23.785292377266842,34.94355585327787,1.5947621874189537
Malampuzha_Dam,2024,11,0.2849857872622939,23.898966005113436,32.27968648984893,97.45451974868774,1.0066368487387574,,23.750378052906342,32.27968648984893,0.7799093223311652
Malampuzha_Dam,2024,12,0.24089935718513772,23.869879084761465,34.190287549195546,47.632868468761444,0.6786373133437187,-0.03886581107811438,23.898966005113436,32.27968648984893,1.0066368487387574
Malampuzha_Dam,2025,1,0.20790665342342077,24.61706668894783,34.25198712791274,6.076132237911224,2.266053502416756,-0.025502967041317458,23.869879084761465,34.190287549195546,0.6786373133437187
Malampuzha_Dam,2025,2,0.19150785142188811,26.57608777454925,35.22277318255783,2.131646692752838,1.6246254544858956,-0.020098300829326815,24.61706668894783,34.25198712791274,2.266053502416756
Malampuzha_Dam,2025,3,0.19745306113905117,27.201767919396843,36.225149420195805,81.44721531867981,0.2251945683204163,-0.0007542500964946149,26.57608777454925,35.22277318255783,1.6246254544858956
Malampuzha_Dam,2025,4,0.24839841931824935,25.90184319814051,35.2864499565037,89.79071485996246,0.9599503227228258,-0.0011091534074461266,27.201767919396843,36.225149420195805,0.2251945683204163
Malampuzha_Dam,2025,12,0.21585876341459134,23.21862414370304,30.448760896338058,17.22270566225052,1.6522744753045144,,23.31135133107506,30.448760896338058,0.5356094678266274
Malampuzha_Dam,2026,1,0.20486248216895936,23.99167986633961,33.828083201075174,9.854639649391174,1.979622687458662,-0.01874747076677417,23.21862414370304,30.448760896338058,1.6522744753045144
Malampuzha_Dam,2026,2,0.20149392045894593,25.241956238519606,32.92797469712656,14.744540691375732,1.2713335896942561,-0.00771059084635376,23.99167986633961,33.828083201075174,1.979622687458662
Malampuzha_Dam,2026,3,0.21687361155713347,26.877290487802156,39.84688988610526,28.7505521774292,0.14407380659145397,-0.00015010966306208863,25.241956238519606,32.92797469712656,1.2713335896942561
Malampuzha_Dam,2026,4,0.2147273556967729,27.73533111148413,39.828955757358585,20.455472350120544,1.0606417103816816,-0.009743334159567182,26.877290487802156,39.84688988610526,0.14407380659145397
Malampuzha_Dam,2026,5,0.21573083111006283,,17.945155429810598,,,-0.002190754719910509,27.73533111148413,39.828955757358585,1.0606417103816816
Banasura_Sagar,2024,1,0.11822897122063637,21.973045357324793,23.3360625874181,101.23284345288431,0.29643832622622074,-0.021236919954705072,22.47662225128505,24.134147964868703,0.5237258567071619
Banasura_Sagar,2024,2,0.10426875551397324,23.527286959242588,28.302704901089328,15.337017470790494,0.20733775307718572,-0.022854541130580743,21.973045357324793,23.3360625874181,0.29643832622622074
Banasura_Sagar,2024,3,0.110971508502567,24.43167065856278,29.437301602730713,8.845445192629292,0.28664098748030636,-0.017806538498101362,23.527286959242588,28.302704901089328,0.20733775307718572
Banasura_Sagar,2024,4,0.10844314089152966,25.749988534715442,34.72933717386604,25.065235153321296,0.4824362826546289,-0.014417974110187595,24.43167065856278,29.437301602730713,0.28664098748030636
Banasura_Sagar,2024,10,0.14909490455272895,21.82967125267112,27.690257298381823,270.791371453193,0.24282932774131258,,21.824093055725143,27.690257298381823,0.887875034806209
Banasura_Sagar,2024,11,0.1066787944941955,22.062344911363425,23.171132253399605,80.27739246429935,0.6443943609188605,-0.04412979081101044,21.82967125267112,27.690257298381823,0.24282932774131258
Banasura_Sagar,2024,12,0.12345001709481528,21.587282373571952,24.08188315396069,79.1444812590076,0.4585786765153062,-0.019537132576815476,22.062344911363425,23.171132253399605,0.6443943609188605
Banasura_Sagar,2025,1,0.10518479895365679,21.901514143584905,29.696755265088086,15.6451698464732,0.749943172251148,-0.012954161993937731,21.587282373571952,24.08188315396069,0.4585786765153062
Banasura_Sagar,2025,2,0.1017178732028338,23.483604980650398,27.024391684481316,15.109413098904394,0.24059047137833395,-0.014376550974808458,21.901514143584905,29.696755265088086,0.749943172251148
Banasura_Sagar,2025,4,0.1435866198715742,23.497752486334946,33.04564665992291,146.89605866709064,0.3159363819604684,,24.29562030094928,33.04564665992291,0.21427699200275163
Banasura_Sagar,2025,5,0.13690419430475148,22.68274808493993,26.78607646543088,446.6986824427882,0.8330442433005276,-0.0049229855750773125,23.497752486334946,33.04564665992291,0.3159363819604684
Banasura_Sagar,2025,12,0.11380167388834624,20.780326092627774,23.956240180537634,38.23845318440468,0.726551848445217,,21.564972750345873,23.956240180537634,0.443483446611871
Banasura_Sagar,2026,1,0.10502313959126902,21.291794323664874,26.14736839332386,33.297721428255876,0.5441756666112371,-0.017435299345706787,20.780326092627774,23.956240180537634,0.726551848445217
Banasura_Sagar,2026,2,0.10666333190622822,22.394419152396097,25.730615061224512,52.08349315966329,0.20497370459481876,-0.020380844273563976,21.291794323664874,26.14736839332386,0.5441756666112371
Banasura_Sagar,2026,3,0.12433642782196032,23.40778443941508,29.793960186396475,66.63663283471138,0.23426822423455343,-0.02733550037931214,22.394419152396097,25.730615061224512,0.20497370459481876
Banasura_Sagar,2026,4,0.11474966218076164,24.52097293006051,33.86758360111412,50.747706274832446,0.5162510133656016,-0.025734985698987783,23.40778443941508,29.793960186396475,0.23426822423455343
Parambikulam_Dam,2024,1,0.14632501414033822,22.83702402695957,28.44684435054029,48.23726463317871,1.2298407425589748,,22.869279131325357,28.44684435054029,1.4175500662323124
Parambikulam_Dam,2024,2,0.12855186523193382,24.906589820832608,29.77100631095516,5.633244037628174,1.0616099311669367,-0.021903054611917612,22.83702402695957,28.44684435054029,1.2298407425589748
Parambikulam_Dam,2024,3,0.11568059874556064,25.897320335142126,32.66977353063555,21.467371106147766,0.23845065391474546,-0.011849942700408176,24.906589820832608,29.77100631095516,1.0616099311669367
Parambikulam_Dam,2024,4,0.160286262277942,26.376013925340487,30.1267240761498,39.025124073028564,0.4576398553522781,-0.002126878626318473,25.897320335142126,32.66977353063555,0.23845065391474546
Parambikulam_Dam,2024,9,0.20342603917876714,22.26938656700986,30.928596129415723,63.15109896659851,1.1263482542795797,,22.299372903420533,30.928596129415723,1.0181863447660726
Parambikulam_Dam,2024,12,0.1607197038311278,22.450624877492203,28.283820936815005,123.00609457492828,0.6645145381946577,,22.51416059423383,28.283820936815005,1.0061083017815697
Parambikulam_Dam,2025,1,0.10507925203557024,22.77758871235733,26.118252043699727,24.867845058441162,1.692004389554447,-0.02499725791630827,22.450624877492203,28.283820936815005,0.6645145381946577
Parambikulam_Dam,2025,2,0.12385460393193051,24.52238555635728,28.30181444439927,6.178121209144592,1.2143819658520234,-0.02270087455410049,22.77758871235733,26.118252043699727,1.692004389554447
Parambikulam_Dam,2025,3,0.13004614957871383,25.031027867033515,30.40386263789361,171.93440961837769,0.3161180700163298,-0.018317887577022848,24.52238555635728,28.30181444439927,1.2143819658520234
Parambikulam_Dam,2025,4,0.18837065752876747,24.1976548300849,30.31285378828386,198.521653175354,0.5560494792309182,-0.01845185915615588,25.031027867033515,30.40386263789361,0.3161180700163298
Parambikulam_Dam,2025,12,0.14018422816615356,21.918137787576256,25.66628427570072,44.46363723278046,1.3586715099154023,,22.103253096121364,25.66628427570072,0.7024430014968306
Parambikulam_Dam,2026,1,0.1302528129337968,22.197441410078397,24.404265964978038,33.95435094833374,1.5496132902074364,-0.021962527375344123,21.918137787576256,25.66628427570072,1.3586715099154023
Parambikulam_Dam,2026,2,0.11992514903454997,23.403315753028494,26.178821509271756,26.030303955078125,1.0036486062730405,-0.021862239130973713,22.197441410078397,24.404265964978038,1.5496132902074364
Parambikulam_Dam,2026,3,0.10681540178617406,24.672946534789162,30.71419987684544,55.07173562049866,0.20118561113375913,-0.020758039936387924,23.403315753028494,26.178821509271756,1.0036486062730405
Parambikulam_Dam,2026,4,0.14370287370600135,25.631763945685464,32.87689847568652,62.0866379737854,0.7385481597196083,-0.019227040174968516,24.672946534789162,30.71419987684544,0.20118561113375913
Neyyar_Dam,2024,1,0.26164965687112623,25.8341634688839,32.22068259925953,22.895065881311893,0.8802343790715098,-0.033746088042246054,25.457012246244744,33.706559503433084,0.9504946312283016
Neyyar_Dam,2024,3,0.31568684677291803,27.953320419147474,31.288760087860624,40.44027726352215,0.4841528437903327,,27.49314375252561,31.288760087860624,0.6397148498034901
Neyyar_Dam,2024,4,0.32968981263857183,28.358045175340465,29.62912956273766,99.39532458782195,0.8523616670424874,-0.023415224099081405,27.953320419147474,31.288760087860624,0.4841528437903327
Neyyar_Dam,2024,5,0.34445982427531324,26.61468270824804,35.3221684028656,614.6567431688309,2.101509873728324,-0.03270675365383951,28.358045175340465,29.62912956273766,0.8523616670424874
Neyyar_Dam,2024,9,0.33624324576820475,25.44643192291261,31.143480880437664,88.62293314933777,3.007099392113768,,25.233802331903973,31.143480880437664,2.355031824805378
Neyyar_Dam,2024,12,0.28168715570205816,25.156872952368985,30.35025013878976,55.797584533691406,0.6198257075234077,,24.97631246778701,30.35025013878976,0.4663066192932504
Neyyar_Dam,2025,1,0.29184160955563854,24.960105268416896,32.80208647740574,19.69725552201271,1.2725747584079223,-0.017797452673504043,25.156872952368985,30.35025013878976,0.6198257075234077
Neyyar_Dam,2025,2,0.2799823845191193,26.20078550520401,34.84293084458386,19.67755401134491,0.45456847978826703,-0.023591997978192007,24.960105268416896,32.80208647740574,1.2725747584079223
Neyyar_Dam,2025,3,0.29656553313128675,26.87327277070733,34.572734653542625,77.5000464618206,0.1531140537635043,-0.017917958895903065,26.20078550520401,34.84293084458386,0.45456847978826703
Neyyar_Dam,2025,5,0.3523428941660288,26.112443460444013,36.06217199937055,466.9989171028137,2.8087142832858496,,26.32980001237661,36.06217199937055,1.3064716772103369
Neyyar_Dam,2025,6,0.2995914005585557,25.227359284295005,20.867134976774196,190.9356427192688,3.3034164345849844,-0.03261639150871887,26.112443460444013,36.06217199937055,2.8087142832858496
Neyyar_Dam,2025,7,0.338355328381058,24.827554034161324,28.964943315481605,101.82523131370544,3.7322396522717503,-0.022887325384298836,25.227359284295005,20.867134976774196,3.3034164345849844
Neyyar_Dam,2025,8,0.2155253958515734,24.740363221527446,24.764439320563156,75.6831129193306,3.2387351802801603,-0.03100791209989117,24.827554034161324,28.964943315481605,3.7322396522717503
Neyyar_Dam,2025,11,0.3267977432936114,24.392916001213962,34.155733674750024,297.3063874542713,0.8114641774218749,,25.223900854459373,34.155733674750024,1.2569282947943254
Neyyar_Dam,2026,1,0.27117196650447617,25.215926968154122,30.954034632425305,6.917252428829669,0.7106999065652035,,24.321084451162733,30.954034632425305,0.7318855937393414
Neyyar_Dam,2026,2,0.26384400975749767,26.322333726428838,34.28724702131228,59.742419362068176,0.4398351879301517,-0.02293255140405631,25.215926968154122,30.954034632425305,0.7106999065652035
Neyyar_Dam,2026,3,0.29461667587091556,26.525024442775305,35.53628424671831,18.377883672714233,0.3619333296948056,-0.015005204620561494,26.322333726428838,34.28724702131228,0.4398351879301517
Neyyar_Dam,2026,4,0.32492236624969184,27.930662600199412,35.23653858243222,101.92155039310455,1.2642634325859268,-0.027807195800159657,26.525024442775305,35.53628424671831,0.3619333296948056
Peechi_Dam,2024,1,0.35478879078323045,27.074647234844917,33.112073411884126,28.976415693759918,1.005336746858553,,26.849902766238017,33.112073411884126,1.8723037897110892
Peechi_Dam,2024,2,0.36757434113032494,29.625698080830205,32.99257396522489,4.853340446949005,0.599050432296295,-0.02094064473604562,27.074647234844917,33.112073411884126,1.005336746858553
Peechi_Dam,2024,3,0.3604054687776336,29.671569012057432,34.62485286198239,14.399316549301147,0.8768559232119053,-0.023445215037494405,29.625698080830205,32.99257396522489,0.599050432296295
Peechi_Dam,2024,4,0.37787890629936854,29.992192310757105,38.32280027956119,21.937389135360718,1.0559599967793405,-0.02833604366137475,29.671569012057432,34.62485286198239,0.8768559232119053
Peechi_Dam,2024,9,0.3803373215921813,25.809146224127915,33.36789872420013,85.08663296699524,1.5209489495185564,,25.646082342824627,33.36789872420013,1.018901640473305
Peechi_Dam,2024,12,0.25308496518083673,26.070531176495308,29.7007133932093,65.4756332039833,0.6901586181111959,,26.359993023342554,29.7007133932093,0.8933015816830663
Peechi_Dam,2025,1,0.36510297756873605,27.666375219693748,32.84330511328835,6.354947865009308,1.850641270106636,-0.016518229095770897,26.070531176495308,29.7007133932093,0.6901586181111959
Peechi_Dam,2025,2,0.34462351742882813,29.080802013760547,32.5659223977309,4.296261429786682,0.3370449796266417,-0.0344166259811417,27.666375219693748,32.84330511328835,1.850641270106636
Peechi_Dam,2025,3,0.3438662783095103,28.790876622353835,35.66161394592007,98.80735778808594,0.29562916999055106,-0.01716293117578099,29.080802013760547,32.5659223977309,0.3370449796266417
Peechi_Dam,2025,4,0.22641872163518562,27.84061001671688,30.065715644091824,156.29286193847656,0.6131868440919573,-0.021717824238211152,28.790876622353835,35.66161394592007,0.29562916999055106
Peechi_Dam,2025,12,0.3514391407587939,26.389939982916758,31.161078000833186,18.3914715051651,1.4378544533231932,,25.75172676510283,31.161078000833186,0.732585207673757
Peechi_Dam,2026,1,0.3316984019557464,27.438239321144692,29.300395891651988,8.536770462989807,1.4897890314799371,-0.0224063425097943,26.389939982916758,31.161078000833186,1.4378544533231932
Peechi_Dam,2026,2,0.3295895779830579,28.119612721034457,30.887193109594364,33.99062359333038,0.5702367282424489,-0.01814977288750558,27.438239321144692,29.300395891651988,1.4897890314799371
Peechi_Dam,2026,3,0.19761571865146124,28.60730770890433,29.472050794826828,33.058263421058655,0.7044470963129891,-0.012985079977626596,28.119612721034457,30.887193109594364,0.5702367282424489
Peechi_Dam,2026,4,0.30440597671660535,29.04863406287302,33.662662691503385,29.91824972629547,1.1565652119392695,-0.00828192214036877,28.60730770890433,29.472050794826828,0.7044470963129891
Mattupetty_Dam,2024,1,0.3492712263461826,18.28706270443496,24.474090389832895,43.469849148104274,0.9907284994899934,,18.68315209419501,24.474090389832895,1.094810011899478
Mattupetty_Dam,2024,2,0.3272549994440853,19.48772775935032,27.5524881664669,4.361896109196448,1.0923761401231469,-0.015928670222275648,18.28706270443496,24.474090389832895,0.9907284994899934
Mattupetty_Dam,2024,3,0.31168920914555465,21.381351438132697,29.808232250691162,14.998029447370959,0.4156931309851679,-0.008589922194828318,19.48772775935032,27.5524881664669,1.0923761401231469
Mattupetty_Dam,2024,4,0.312929537485553,22.590046585930736,32.999977169549084,37.802013116498145,0.19623457287417786,-0.007340048598548823,21.381351438132697,29.808232250691162,0.4156931309851679
Mattupetty_Dam,2024,9,0.38180202728716656,18.512078624301523,27.58135720245116,69.54189907350847,1.3710483175571029,,18.770796199511494,27.58135720245116,1.1521808863417666
Mattupetty_Dam,2024,12,0.360328568091895,18.308229639196952,24.368230309220735,116.51675783049676,0.4474392089688094,,18.222867372300925,24.368230309220735,0.7020941478884071
Mattupetty_Dam,2025,1,0.3258724952559414,18.02911043474751,23.190955193923514,28.09836000011813,1.1877142726773684,-0.01622431938362728,18.308229639196952,24.368230309220735,0.4474392089688094
Mattupetty_Dam,2025,2,0.3360112559387253,18.83011900129776,26.070031807171063,5.035678777002519,1.1397158379291068,-0.014610818627988896,18.02911043474751,23.190955193923514,1.1877142726773684
Mattupetty_Dam,2025,3,0.3371305520830953,20.088384287844463,27.86303227334554,182.40832953299244,0.5933442077175155,-0.007220414973402986,18.83011900129776,26.070031807171063,1.1397158379291068
Mattupetty_Dam,2025,4,0.3461288235864756,19.669329092237717,28.362129598954994,262.56284243060696,0.14334403313689412,-0.008783039819773143,20.088384287844463,27.86303227334554,0.5933442077175155
Mattupetty_Dam,2025,12,0.35509690857174925,17.243815255934237,22.9980070123446,44.17347870719049,0.9570069627692366,,17.74343412187369,22.9980070123446,0.49275140312221766
Mattupetty_Dam,2026,1,0.3075342223267747,17.103372889693105,14.970874313052377,28.42332757672956,1.036359378174966,-0.014315268006215473,17.243815255934237,22.9980070123446,0.9570069627692366
Mattupetty_Dam,2026,2,0.33992592701102065,18.133130554925856,26.777710881593976,19.890738294970603,0.8466658737053568,-0.012641937452321957,17.103372889693105,14.970874313052377,1.036359378174966
Mattupetty_Dam,2026,3,0.32349735399289076,19.62522710574575,30.550627626422397,62.26862659761982,0.41247601050431126,-0.008095330763908585,18.133130554925856,26.777710881593976,0.8466658737053568
Mattupetty_Dam,2026,4,0.32804358988828625,21.322825686136923,30.25061742575531,85.32229824219979,0.12465897778737121,-0.00847287948688349,19.62522710574575,30.550627626422397,0.41247601050431126
KRS_Dam,2024,1,0.07868183428582541,23.23754416024815,29.59319634782031,0.6493605487048626,1.8375330123780134,,23.284381197857613,29.59319634782031,2.200947059409286
KRS_Dam,2024,2,0.07767348861997127,25.599923004501193,31.033019938555867,1.5651756525039673,1.8820665095839584,-0.01906924822770358,23.23754416024815,29.59319634782031,1.8375330123780134
KRS_Dam,2024,3,0.08887393370014846,27.6849731199203,33.10709783888683,3.1707291901111603,0.726430067171848,-0.004265464692866858,25.599923004501193,31.033019938555867,1.8820665095839584
KRS_Dam,2024,4,0.09603094960465862,29.505603769090442,35.73142293213749,18.505211353302002,0.5993275092427223,-0.008515919342385712,27.6849731199203,33.10709783888683,0.726430067171848
KRS_Dam,2024,9,0.10758512614995332,23.575910547044543,30.318767395130067,63.92829406261444,2.963329221772515,,23.365795779484586,30.318767395130067,2.390878220402869
KRS_Dam,2024,11,0.11590839499539843,22.05590773688425,29.136280422337336,25.813751876354218,1.9087805050592028,,22.98842041261736,29.136280422337336,0.5658738239946635
KRS_Dam,2024,12,0.05300092300563837,21.673836788054473,25.70109598610418,30.27834713459015,1.5079845486687884,-0.02689537945161804,22.05590773688425,29.136280422337336,1.9087805050592028
KRS_Dam,2025,1,0.08831118636084058,21.16232196028517,26.375062373748108,0.32285568304359913,2.4040888798180533,-0.019545178494452642,21.673836788054473,25.70109598610418,1.5079845486687884
KRS_Dam,2025,2,0.07558213314426535,24.005063197726315,26.184093421733223,1.5651760324835777,2.306456493488139,-0.01470443854543428,21.16232196028517,26.375062373748108,2.4040888798180533
KRS_Dam,2025,3,0.08997676302440241,26.41624414587534,30.269085287921257,35.897194623947144,0.9468526957190564,-0.011001655745340417,24.005063197726315,26.184093421733223,2.306456493488139
KRS_Dam,2025,4,0.1102767158610417,26.44602180057103,32.334226784191856,69.3897932767868,0.5999577133348049,-0.015895396622101474,26.41624414587534,30.269085287921257,0.9468526957190564
KRS_Dam,2025,10,0.11691844659417558,22.73855191712738,31.11441638512474,282.25440406799316,0.5297225795026522,,22.86949823167589,31.11441638512474,2.978263450840965
KRS_Dam,2025,12,0.08775625177297619,20.72500067680113,27.527262169693643,5.223756730556488,2.3130838017684487,,21.991055107116722,27.527262169693643,1.5301381283054436
KRS_Dam,2026,1,0.08111433634159773,21.752301296111114,24.470235900590865,0.3833849187940359,2.364773999522567,-0.013118923107634024,20.72500067680113,27.527262169693643,2.3130838017684487
KRS_Dam,2026,2,0.07222445715624314,23.656884856451143,25.80102475141632,2.111031085252762,1.7891648293317697,-0.010584403664951886,21.752301296111114,24.470235900590865,2.364773999522567
KRS_Dam,2026,3,0.09513045378960788,26.139298006283354,29.391285638540353,15.272283911705017,0.47808457874442345,-0.010303808814508639,23.656884856451143,25.80102475141632,1.7891648293317697
KRS_Dam,2026,4,0.1021980913947109,28.048227161831335,24.77252290748413,56.1980984210968,0.6913201506157407,-0.025912882825001034,26.139298006283354,29.391285638540353,0.47808457874442345
KRS_Dam,2026,5,0.11923387736819051,,23.231894871895975,,,-0.02021566000134323,28.048227161831335,24.77252290748413,0.6913201506157407
Kabini_Dam,2024,1,0.1110822331948887,22.861596474596297,28.28841427792861,18.508100607178427,1.0203372214973476,0.01953120773725914,23.24223412544501,14.149114172274267,1.6928534602218603
Kabini_Dam,2024,2,0.10685785231136269,24.934420916677936,34.17693209970207,1.9930300369407192,1.2081897829294208,-0.010760330732618133,22.861596474596297,28.28841427792861,1.0203372214973476
Kabini_Dam,2024,3,0.10357320468744838,26.717060548515747,35.73507967598414,2.9879603611700465,0.22122957119802475,0.002034717243691671,24.934420916677936,34.17693209970207,1.2081897829294208
Kabini_Dam,2024,4,0.10858575344452068,28.4194085650974,39.628649525470564,18.51816598754941,0.4337697108255791,0.004646845328946651,26.717060548515747,35.73507967598414,0.22122957119802475
Kabini_Dam,2024,5,0.10866215372605971,25.35079556947113,6.282005137956048,251.06141009475246,1.3734205400403632,0.015785878380271026,28.4194085650974,39.628649525470564,0.4337697108255791
Kabini_Dam,2024,9,0.16673181290194933,22.87027089860709,32.13632075568819,51.683081160892144,2.360755521626836,,22.705311383483263,32.13632075568819,1.9415833539055842
Kabini_Dam,2024,10,0.1815401080852328,22.61962105945878,26.664229747063928,253.8686655795936,0.8820029923445505,-0.030165287228766918,22.87027089860709,32.13632075568819,2.360755521626836
Kabini_Dam,2024,11,0.18730217786439804,22.039167828030088,29.976167191057584,48.47080627354709,1.453362141207418,-0.025132467106818095,22.61962105945878,26.664229747063928,0.8820029923445505
Kabini_Dam,2024,12,0.1717451751430675,21.634354261172746,27.38551551859632,38.69275014147614,1.0072441699763133,-0.019944346035123586,22.039167828030088,29.976167191057584,1.453362141207418
Kabini_Dam,2025,1,0.12806641866438537,21.218836577220657,29.502073908304283,5.710258249080543,1.9713898550555877,-0.01822841804524525,21.634354261172746,27.38551551859632,1.0072441699763133
Kabini_Dam,2025,2,0.10606735609850693,23.770083659035834,30.642647677272976,1.9786244359883398,1.5421710624356464,-0.014723983521043637,21.218836577220657,29.502073908304283,1.9713898550555877
Kabini_Dam,2025,3,0.12298211881363497,25.78411418955818,33.55825547991731,78.99339104782452,0.3051114795176106,-0.0028493905413819573,23.770083659035834,30.642647677272976,1.5421710624356464
Kabini_Dam,2025,4,0.16906930956916383,25.62056607140437,32.517904561579826,99.68352426904622,0.9231662263784244,-0.0018454446425674197,25.78411418955818,33.55825547991731,0.3051114795176106
Kabini_Dam,2025,11,0.16604943728773072,21.988762897915308,30.060230426209387,33.83394091960156,0.9786019770669744,,22.39892080573628,30.060230426209387,0.6649888278150289
Kabini_Dam,2025,12,0.10453497621656205,20.928217557681535,25.143872186623298,8.443005796634791,1.83665909694676,-0.04884739422671678,21.988762897915308,30.060230426209387,0.9786019770669744
Kabini_Dam,2026,1,0.08429562764702014,21.735636729578857,25.32586512682667,8.303705721190482,1.7392361312853009,-0.017214631024412685,20.928217557681535,25.143872186623298,1.83665909694676
Kabini_Dam,2026,5,0.13024296589109893,,37.80803071340222,,,0.0063766131947071555,26.863841311136923,34.954594012236726,0.9123621196421501
Hemavathi_Dam,2024,1,0.17384313029346712,21.776047499461868,26.61536619439073,1.3336466401815414,1.1522602755812885,0.001353113189528713,22.01202526707806,18.71965504983274,1.8279988858350245
Hemavathi_Dam,2024,2,0.175944669355756,23.932074921706658,25.8724460487324,5.332248747348785,1.239447505903929,0.010504607641283569,21.776047499461868,26.61536619439073,1.1522602755812885
Hemavathi_Dam,2024,3,0.17229651030219054,25.904111644785928,40.34442641765372,4.428828597068787,0.13855991613136495,0.03005236351084399,23.932074921706658,25.8724460487324,1.239447505903929
Hemavathi_Dam,2024,4,0.17014715496899513,27.38828877343076,43.461923590560616,27.416213631629944,0.42677971053952785,0.0335721072204074,25.904111644785928,40.34442641765372,0.13855991613136495
Hemavathi_Dam,2024,5,0.16973033193900372,24.79751515952489,47.644399297711516,237.7296895980835,1.4293905614195308,0.03827402111044807,27.38828877343076,43.461923590560616,0.42677971053952785
Hemavathi_Dam,2024,10,0.25202119531619194,21.851334139095854,30.31594491724502,314.2960033416748,0.38484941544407414,,21.649182573954306,30.31594491724502,2.5473253656360177
Hemavathi_Dam,2024,12,0.16484865964920997,20.97550271967407,24.81205932002314,46.994720458984375,1.4017534516527335,,21.315244759453662,24.81205932002314,1.9102201950133817
Hemavathi_Dam,2025,1,0.17426422555196958,20.62173686283893,33.81220699406953,0.8957617580890656,2.1703643784508846,0.011697281690356533,20.97550271967407,24.81205932002314,1.4017534516527335
Hemavathi_Dam,2025,2,0.15992335212051054,23.256679176148964,35.19565016453572,5.332248687744141,1.885509972563484,0.0189805815109748,20.62173686283893,33.81220699406953,2.1703643784508846
Hemavathi_Dam,2025,3,0.14827072240944283,25.254512795068933,26.047056421758384,52.09386348724365,0.4612698650209875,0.02377619087599172,23.256679176148964,35.19565016453572,1.885509972563484
Hemavathi_Dam,2025,4,0.20293147273905687,24.559859148661303,34.7932672148325,118.704598903656,0.9692042419521378,0.017705375277294755,25.254512795068933,26.047056421758384,0.4612698650209875
Hemavathi_Dam,2025,5,0.19481315141158895,23.020885475732996,35.472606158410656,212.46842074394226,2.3243069955774396,0.014401333821135728,24.559859148661303,34.7932672148325,0.9692042419521378
Hemavathi_Dam,2025,11,0.21709651897652082,20.835190306769505,27.749208684210203,17.0976100564003,1.3690074685186737,,21.623973834130084,27.749208684210203,0.40064367516001365
Hemavathi_Dam,2025,12,0.17434737342686532,19.509038605228568,24.891704547817596,15.287720024585724,2.1345265347297633,-0.02208048820720601,20.835190306769505,27.749208684210203,1.3690074685186737
Hemavathi_Dam,2026,1,0.1830341072043734,20.6377048369377,30.853274399785732,0.657514538615942,1.9728873563230835,0.015782232804764665,19.509038605228568,24.891704547817596,2.1345265347297633
Hemavathi_Dam,2026,2,0.1667514759713195,22.330878648303838,32.38544503768719,6.367304742336273,1.3430509345418442,0.015205433817338238,20.6377048369377,30.853274399785732,1.9728873563230835
Hemavathi_Dam,2026,3,0.16885051904552187,24.400229205880123,35.45137629332078,41.652414441108704,0.32006855088585456,0.013648728392499062,22.330878648303838,32.38544503768719,1.3430509345418442
Hemavathi_Dam,2026,4,0.1606247190502046,26.287143177456358,40.49682741385635,43.0969318151474,0.9214575103410092,0.00913952775404806,24.400229205880123,35.45137629332078,0.32006855088585456
Tungabhadra_Dam,2024,1,-0.02859413610134775,25.33703507454163,20.97388478720393,12.362647950649261,1.904777031854268,-0.03704602077274828,24.192687688848082,24.185541330194553,2.4664331701876456
Tungabhadra_Dam,2024,2,0.02841947189888876,27.542884247878533,6.094313210744303,6.0932393074035645,1.41554834727246,-0.03102237396699861,25.33703507454163,20.97388478720393,1.904777031854268
Tungabhadra_Dam,2024,3,0.0008510385099740321,30.59057371898365,28.655236927997294,1.921558067202568,0.39151450881858024,0.0014482897920998835,27.542884247878533,6.094313210744303,1.41554834727246
Tungabhadra_Dam,2024,4,0.0640519586538444,32.13250738779709,34.375764337910425,51.525912046432495,1.0734736308653712,-0.015719048932501693,30.59057371898365,28.655236927997294,0.39151450881858024
Tungabhadra_Dam,2024,5,0.07093823070465693,30.12347505220805,36.7795848142012,94.43761610984802,2.189547632128775,-0.008964201116601761,32.13250738779709,34.375764337910425,1.0734736308653712
Tungabhadra_Dam,2024,10,-0.042262661050970214,25.145088142477107,28.51746549734264,205.666588306427,0.16643636029837994,,24.791039805942148,28.51746549734264,3.8488106920868477
Tungabhadra_Dam,2024,11,-0.0271068753377204,23.5534063127306,24.979201770441364,9.34546983242035,2.193209557910039,-0.05284315823091809,25.145088142477107,28.51746549734264,0.16643636029837994
Tungabhadra_Dam,2024,12,-0.024958171712881543,23.512078201129896,25.110681006905452,20.304641723632812,1.9615229824301548,-0.04105279434105263,23.5534063127306,24.979201770441364,2.193209557910039
Tungabhadra_Dam,2025,1,-0.03134777945182209,23.112168125439723,25.547692295093725,16.52427989244461,2.3919441032191284,-0.025345859785787832,23.512078201129896,25.110681006905452,1.9615229824301548
Tungabhadra_Dam,2025,2,-0.02958059861415447,26.196629301706935,26.39825871539358,6.341940224170685,1.9422681852808468,-0.03138198262005252,23.112168125439723,25.547692295093725,2.3919441032191284
Tungabhadra_Dam,2025,3,-0.02668727451022109,28.546071829847165,27.89142110111436,6.766519248485565,0.6772938361394826,-0.018679393223161065,26.196629301706935,26.39825871539358,1.9422681852808468
Tungabhadra_Dam,2025,4,0.04084231426243236,29.46369486914739,28.885595911888515,56.49854516983032,1.1981180016590118,-0.022365794377389916,28.546071829847165,27.89142110111436,0.6772938361394826
Tungabhadra_Dam,2025,5,0.04292317718754399,27.29785120153946,31.27137578199671,167.30421781539917,3.353620225366163,-0.014489310612918638,29.46369486914739,28.885595911888515,1.1981180016590118
Tungabhadra_Dam,2025,6,0.011724518163051527,25.47592258453369,27.679193278627793,58.0474271774292,5.104167395873401,-0.021312591045664055,27.29785120153946,31.27137578199671,3.353620225366163
Tungabhadra_Dam,2025,11,-0.024328052345687173,22.958591185675743,25.168344372025444,8.055702209472656,1.5221834882945433,,24.40520447351605,25.168344372025444,0.19588280943860634
Tungabhadra_Dam,2025,12,-0.019561228849396185,21.45771066399027,21.67928390300284,9.316578269004822,2.4628264250347693,-0.048591677162995874,22.958591185675743,25.168344372025444,1.5221834882945433
Tungabhadra_Dam,2026,1,-0.02424538613578299,23.095460305162646,24.888611316809374,6.622117638587952,2.390805128758421,-0.046414900193473545,21.45771066399027,21.67928390300284,2.4628264250347693
Tungabhadra_Dam,2026,2,-0.026021117753399697,24.833180545625282,24.783416569883343,9.41436356306076,2.120391622960553,-0.0519362694776858,23.095460305162646,24.888611316809374,2.390805128758421
Tungabhadra_Dam,2026,3,-0.021941618714345766,28.173002210227423,27.119383666742237,17.100375413894653,0.5231218538195465,-0.03410186945779723,24.833180545625282,24.783416569883343,2.120391622960553
Tungabhadra_Dam,2026,4,0.012774589776424735,30.63104169633658,31.761359011020886,40.3525173664093,1.2741874836709361,-0.033050984546565694,28.173002210227423,27.119383666742237,0.5231218538195465
Tungabhadra_Dam,2026,5,0.07324062039896816,,20.120347622801717,,,-0.016789420235667252,30.63104169633658,31.761359011020886,1.2741874836709361
Almatti_Dam,2024,1,0.11624283903816772,25.058940854636603,31.40433810123932,1.2976545989513397,2.051170109592968,-0.0030971304019332016,24.17548135326757,29.192718083025397,2.8471151302967663
Almatti_Dam,2024,2,0.10955288671838002,27.570915169551483,30.95451809951504,2.599199563264847,1.512894263605718,0.006471548179551833,25.058940854636603,31.40433810123932,2.051170109592968
Almatti_Dam,2024,3,0.11325187680844592,31.000282049691805,36.83697009126871,1.6493339240550995,0.11602795235746526,0.013694305609680964,27.570915169551483,30.95451809951504,1.512894263605718
Almatti_Dam,2024,4,0.12333249608677256,33.213880136277965,39.76344421705892,30.09826672077179,0.5507747110223516,0.012307523225124673,31.000282049691805,36.83697009126871,0.11602795235746526
Almatti_Dam,2024,5,0.12825737531173784,31.255525597192957,41.33383971158287,93.18878126144409,2.3912650292738045,0.008674346940587255,33.213880136277965,39.76344421705892,0.5507747110223516
Almatti_Dam,2024,10,0.17214213243043017,25.02462147948563,32.29523860676346,115.11185383796692,0.7607683238030505,,24.690143945482077,32.29523860676346,4.131411530083308
Almatti_Dam,2024,11,0.15354513233947245,23.78430671691899,27.043638177358275,5.859160244464874,2.7684394604544353,-0.02265386717822587,25.02462147948563,32.29523860676346,0.7607683238030505
Almatti_Dam,2024,12,0.13371885847592763,23.914845587617606,30.03034587891193,5.840498328208923,2.4402673245072046,-0.002813263953524799,23.78430671691899,27.043638177358275,2.7684394604544353
Almatti_Dam,2025,1,0.1135918879246859,23.701662728094334,30.736012763552424,1.3089657872915268,3.087301223199232,0.0020324435661903525,23.914845587617606,30.03034587891193,2.4402673245072046
Almatti_Dam,2025,2,0.1104242999492044,27.06266004017425,32.960326810870356,2.6474821865558624,2.525235456190774,0.0046549325802201945,23.701662728094334,30.736012763552424,3.087301223199232
Almatti_Dam,2025,3,0.11926998765494232,29.75516908707158,34.32411101495006,4.338843107223511,1.3464529891430725,0.00809902160866065,27.06266004017425,32.960326810870356,2.525235456190774
Almatti_Dam,2025,4,0.14380174353368397,31.09322232140437,34.45448346062244,31.50734829902649,0.9535770688901924,0.004023110375762261,29.75516908707158,34.32411101495006,1.3464529891430725
Almatti_Dam,2025,5,0.15070683259666914,27.72106503722489,41.470657887200105,212.19184064865112,3.3058263514135757,0.00403778251122276,31.09322232140437,34.45448346062244,0.9535770688901924
Almatti_Dam,2025,6,0.18519005123507784,25.604423628913082,28.273938247957062,20.015655636787415,5.374990712119522,0.010984757182269378,27.72106503722489,41.470657887200105,3.3058263514135757
Almatti_Dam,2025,11,0.15685884459880142,23.758836682637536,28.73821221327455,7.862891435623169,1.7292997781580153,,24.665304479291365,28.73821221327455,0.4329904640077568
Almatti_Dam,2025,12,0.14492312374063016,22.277624794744725,28.698984033742136,3.611095041036606,2.87394968948731,-0.020817054198785014,23.758836682637536,28.73821221327455,1.7292997781580153
Almatti_Dam,2026,1,0.11880326630352432,23.481299952025097,27.46412205969216,1.7937054634094238,2.9867234913360066,-0.013986561557675204,22.277624794744725,28.698984033742136,2.87394968948731
Almatti_Dam,2026,2,0.11867860586637263,25.459494254702633,28.93794208441136,3.7114989161491394,2.6927384232295317,-0.02105265796037,23.481299952025097,27.46412205969216,2.9867234913360066
Almatti_Dam,2026,3,0.12097998590332451,29.211243360786057,35.05102886920105,6.542879998683929,1.0341895853580239,-0.010614780155433849,25.459494254702633,28.93794208441136,2.6927384232295317
Almatti_Dam,2026,4,0.13799999421274387,32.230551380581346,40.1162965967315,37.32086360454559,1.0347574650040743,0.006130580706447543,29.211243360786057,35.05102886920105,1.0341895853580239
Almatti_Dam,2026,5,0.1436079353121844,,36.92842805836506,,,0.01032932625597375,32.230551380581346,40.1162965967315,1.0347574650040743
Supa_Dam,2024,1,0.03778277763563754,23.295413363877174,26.33607869252819,5.586066211714889,0.5278166531893407,-0.015214866911878958,23.924974695841513,18.816200999073658,1.6658071921981812
Supa_Dam,2024,2,0.03403912985421919,25.09075510310032,28.24506259559422,2.848155428062786,0.3692153516883054,-0.030847463270000056,23.295413363877174,26.33607869252819,0.5278166531893407
Supa_Dam,2024,3,0.03450390767221991,26.292833397978143,29.775110240481638,4.114212682752899,0.7729401694988036,-0.025151465317013143,25.09075510310032,28.24506259559422,0.3692153516883054
Supa_Dam,2024,4,0.03822185025068597,27.68432555728492,32.424438622013156,62.504208203518026,0.9159230394067941,-0.028762288727030842,26.292833397978143,29.775110240481638,0.7729401694988036
Supa_Dam,2024,5,0.12606165341398928,26.783281498570602,22.430795739760867,133.95897834228748,1.479112705309961,-0.025443761763258715,27.68432555728492,32.424438622013156,0.9159230394067941
Supa_Dam,2024,10,0.058054910982628924,23.64508256399506,30.434857552494805,321.1628991907293,0.12531612398351843,,22.81020959218347,30.434857552494805,1.8822989850378797
Supa_Dam,2024,11,0.11149688280733792,23.699440722995348,25.00599701557877,15.007871359586717,1.9825843588183842,-0.07155374741619445,23.64508256399506,30.434857552494805,0.12531612398351843
Supa_Dam,2024,12,0.04190660901518043,23.420547452536994,25.762892403765363,20.631573402520385,1.2871590370868364,-0.06094438234465747,23.699440722995348,25.00599701557877,1.9825843588183842
Supa_Dam,2025,1,0.03843648236803152,23.558585821172244,24.925344933624842,6.225473465341511,1.7642109963992814,-0.04392503013733368,23.420547452536994,25.762892403765363,1.2871590370868364
Supa_Dam,2025,2,0.02703037554097785,25.35148421242127,26.705658446863936,2.861355042818821,1.018986820831964,-0.02950448585875545,23.558585821172244,24.925344933624842,1.7642109963992814
Supa_Dam,2025,3,0.037458005609580375,26.539123010122694,28.044963200776124,16.493314107259117,0.17029003480671506,-0.033625890295939855,25.35148421242127,26.705658446863936,1.018986820831964
Supa_Dam,2025,4,0.07951153930097461,26.642641809251586,31.77146145401656,28.62555010752245,1.266809934094451,-0.0368505004639627,26.539123010122694,28.044963200776124,0.17029003480671506
Supa_Dam,2025,5,0.06222251994003152,24.656866553521922,32.243830713608304,160.71831789522463,1.8220631373970275,-0.0404053812124088,26.642641809251586,31.77146145401656,1.266809934094451
Supa_Dam,2025,11,0.11662417018191026,22.729249551561168,24.11414009507439,6.503237346808116,1.1815836720016772,,23.381854588498356,24.11414009507439,0.4989147775229696
Supa_Dam,2025,12,0.0414191595400285,21.943944939233972,24.136057300797802,6.083085948770696,2.175813178585174,-0.02848805333518914,22.729249551561168,24.11414009507439,1.1815836720016772
Supa_Dam,2026,1,0.034763543841309065,22.648063749908147,24.013727431956227,5.140778268828536,1.3600191155429953,-0.030376591018589503,21.943944939233972,24.136057300797802,2.175813178585174
Supa_Dam,2026,2,0.028288724885169068,24.078873207455615,26.649182921618774,3.56337701551842,0.9685249214103248,-0.0257976513657895,22.648063749908147,24.013727431956227,1.3600191155429953
Supa_Dam,2026,3,0.03608941518554545,25.804405323151627,29.267701231789488,12.98843521421606,0.27348799482732106,-0.038490612924357626,24.078873207455615,26.649182921618774,0.9685249214103248
Supa_Dam,2026,4,0.03691582186484355,26.730703290303552,32.87424758630425,30.382452198953345,1.2273722673794987,-0.04426458609211377,25.804405323151627,29.267701231789488,0.27348799482732106
Supa_Dam,2026,5,0.06585604555864029,,30.857169146333035,,,-0.029791610627340794,26.730703290303552,32.87424758630425,1.2273722673794987
Bhadra_Dam,2024,1,0.011725374843344414,23.776845550537132,25.999278259594917,12.554499572323214,0.9677652033438843,-0.0323364832277608,23.904149238012167,14.012731159172517,1.7231253160435016
Bhadra_Dam,2024,2,0.04530277324760954,25.776728522640553,16.90703515100165,1.791476756935158,0.9352781755484751,-0.024152970858604003,23.776845550537132,25.999278259594917,0.9677652033438843
Bhadra_Dam,2024,3,0.00933349603534328,27.835684015417655,29.779777341181898,4.08243227197278,0.32788063128689743,-0.022053892289327377,25.776728522640553,16.90703515100165,0.9352781755484751
Bhadra_Dam,2024,4,0.01455427939360878,28.935312970479345,31.47739365986172,80.19079811726847,0.5756616695151665,-0.025123296958878542,27.835684015417655,29.779777341181898,0.32788063128689743
Bhadra_Dam,2024,5,0.03505491593198178,26.36472471093623,27.87984064428349,211.25218702131698,1.379758014092508,-0.028259906803087043,28.935312970479345,31.47739365986172,0.5756616695151665
Bhadra_Dam,2024,10,0.04173828656702651,23.256234802738334,29.51361483391679,314.815919445407,0.22308637656743038,,22.898178884718163,29.51361483391679,2.4036091258997234
Bhadra_Dam,2024,11,0.05227636069567047,22.588533062405077,21.181847367935575,26.478745800833547,1.6215354472648398,-0.05102181194437174,23.256234802738334,29.51361483391679,0.22308637656743038
Bhadra_Dam,2024,12,0.020026001170907873,22.179898300991283,24.754191957125727,31.88593833436889,1.2973509104754661,-0.04181859977261877,22.588533062405077,21.181847367935575,1.6215354472648398
Bhadra_Dam,2025,1,0.03730016018792215,22.377128957932996,19.333158202950187,5.285154444556083,1.9642911209726215,-0.02384314270473906,22.179898300991283,24.754191957125727,1.2973509104754661
Bhadra_Dam,2025,2,0.002225347132560019,25.280947916848334,26.871989026008748,1.794211322081185,1.5607599550354443,-0.029827281376756352,22.377128957932996,19.333158202950187,1.9642911209726215
Bhadra_Dam,2025,3,0.005158009226981036,27.26602415679605,31.302886167346514,53.31623972615888,0.2649745534809458,-0.02828718858915792,25.280947916848334,26.871989026008748,1.5607599550354443
Bhadra_Dam,2025,4,0.0934998200760168,26.818612946404357,1.7682816462332198,121.47837026657596,0.91782662916968,-0.032624583434812934,27.26602415679605,31.302886167346514,0.2649745534809458
Bhadra_Dam,2025,5,0.0376631285615567,24.67283807569936,31.805546741671264,226.85947552804026,2.1340462150813555,-0.020151582476109417,26.818612946404357,1.7682816462332198,0.91782662916968
Bhadra_Dam,2025,11,0.029563845949693385,22.243225246005636,26.202679764025106,39.51088099710403,1.171930171038758,,22.928453945857257,26.202679764025106,0.2870523107916082
Bhadra_Dam,2025,12,0.02724440774644367,21.085612130934237,23.424138393460964,13.206560145943394,1.9953402225805326,-0.03488644175894081,22.243225246005636,26.202679764025106,1.171930171038758
Bhadra_Dam,2026,1,0.010857400291994073,22.46062937910841,24.476947419685416,3.654073041292929,1.7654801241686258,-0.024682431399055994,21.085612130934237,23.424138393460964,1.9953402225805326
Bhadra_Dam,2026,2,0.011769937572091691,24.074978583199652,25.44568975618955,1.8492186091720098,1.2461125376546651,-0.024522098892545877,22.46062937910841,24.476947419685416,1.7654801241686258
Bhadra_Dam,2026,3,0.0030497680384315652,26.012715029972867,28.786805988458354,63.61510845922655,0.15254694651805567,-0.03930114175862867,24.074978583199652,25.44568975618955,1.2461125376546651
Bhadra_Dam,2026,4,0.01938173612783988,27.885209041171606,30.72992762051257,46.24726977271418,0.9346204620310522,-0.035038697477417745,26.012715029972867,28.786805988458354,0.15254694651805567
Bhadra_Dam,2026,5,0.10633581379780489,,-1.0771277653211655,,,-0.03374085987047005,27.885209041171606,30.72992762051257,0.9346204620310522
Nagarjuna_Sagar,2024,1,0.09628659419985118,24.77470516355237,30.311555511250617,4.353653192520142,2.0948591027584866,-0.016116124109500033,23.764667936208866,29.240694221532976,1.0167460125447279
Nagarjuna_Sagar,2024,2,0.09041829350672283,27.351956574304836,31.320122250210773,3.764682710170746,2.4291783010065315,-0.00687643130875504,24.77470516355237,30.311555511250617,2.0948591027584866
Nagarjuna_Sagar,2024,3,0.08198592366983927,29.437178261049382,34.95527882765475,3.147962599992752,2.7020418313038825,0.0021324785180125306,27.351956574304836,31.320122250210773,2.4291783010065315
Nagarjuna_Sagar,2024,4,0.08320143004540839,32.64936823668302,37.449722828155245,6.571786463260651,2.285299443241912,-0.00037388512268381435,29.437178261049382,34.95527882765475,2.7020418313038825
Nagarjuna_Sagar,2024,5,0.08419148950546443,32.46274235906566,39.6166601795037,59.024643421173096,0.9625508805921411,0.005186523621188012,32.64936823668302,37.449722828155245,2.285299443241912
Nagarjuna_Sagar,2024,9,0.12333120997344826,26.979145862438088,30.64993594904149,170.8104178905487,2.8886166119922025,,27.924723800877928,30.64993594904149,2.0665988807390505
Nagarjuna_Sagar,2024,10,0.1572007068939233,26.77415594969176,32.402404938124846,166.17142152786255,0.23738867112123882,-0.028408300962449968,26.979145862438088,30.64993594904149,2.8886166119922025
Nagarjuna_Sagar,2024,11,0.1497190145143601,25.267409472995325,30.808925287536,8.231646180152893,1.1052016120892996,-0.039955482376480174,26.77415594969176,32.402404938124846,0.23738867112123882
Nagarjuna_Sagar,2024,12,0.12152739764718173,24.168097295726966,9.087282883279727,3.0201850682497025,0.804893649454132,-0.031131654049301762,25.267409472995325,30.808925287536,1.1052016120892996
Nagarjuna_Sagar,2025,1,0.11125411737565154,23.499625422706742,28.498373915341404,4.353676080703735,0.9598782261135684,-0.014045043280220958,24.168097295726966,9.087282883279727,0.804893649454132
Nagarjuna_Sagar,2025,2,0.09654618103212353,26.889733879149958,31.191196417902233,3.556013584136963,1.1697388768206076,-0.02206755091377614,23.499625422706742,28.498373915341404,0.9598782261135684
Nagarjuna_Sagar,2025,3,0.09330399953367495,28.88423634737626,32.741285117329085,6.3471344113349915,1.601519706354946,-0.002348973762273068,26.889733879149958,31.191196417902233,1.1697388768206076
Nagarjuna_Sagar,2025,4,0.08941067259206992,31.230907687434467,36.71749789247889,26.018096327781677,1.700056146942786,0.0018502989903251043,28.88423634737626,32.741285117329085,1.601519706354946
Nagarjuna_Sagar,2025,5,0.08909766769982859,30.97350381830688,36.3136852759917,126.21578049659729,1.1327664734193177,-0.004073363661226047,31.230907687434467,36.71749789247889,1.700056146942786
Nagarjuna_Sagar,2025,7,0.14166519452022927,28.29001675677557,28.58437616552942,120.86085367202759,4.278341811754007,,29.96638561531347,28.58437616552942,3.611670006039334
Nagarjuna_Sagar,2025,10,0.17682536961568251,26.024092316712995,20.14281610175101,230.11170864105225,0.43822703887896547,,26.85484075193051,20.14281610175101,2.9017053092275003
Nagarjuna_Sagar,2025,11,0.14103053601802107,24.0063030454848,26.765385783293254,13.058410108089447,0.9483553397352481,-0.025677345429120854,26.024092316712995,20.14281610175101,0.43822703887896547
Nagarjuna_Sagar,2025,12,0.11262190946777026,22.590806463371507,28.220943919749175,1.0033193156123161,0.7059172202136761,-0.016589283662933902,24.0063030454848,26.765385783293254,0.9483553397352481
Nagarjuna_Sagar,2026,1,0.10249200286902604,23.70555055406362,28.543159233174947,4.3870410323143005,1.430993579828654,-0.00783074984414157,22.590806463371507,28.220943919749175,0.7059172202136761
Nagarjuna_Sagar,2026,2,0.09522338960759408,25.557388832455672,30.053435541942918,5.124185681343079,1.2790611579797608,-0.01502928055044352,23.70555055406362,28.543159233174947,1.430993579828654
Nagarjuna_Sagar,2026,3,0.1032922482698291,29.014147496650708,25.339444007654265,6.073979020118713,1.6187935111739356,-0.006798295034478145,25.557388832455672,30.053435541942918,1.2790611579797608
Nagarjuna_Sagar,2026,4,0.09036172530250064,32.3713933944702,38.03930901947757,12.74809867143631,1.7532104561730892,-0.005457532221134936,29.014147496650708,25.339444007654265,1.6187935111739356
Nagarjuna_Sagar,2026,5,0.09911453568119848,,34.1774801798519,,,0.0018385116270985353,32.3713933944702,38.03930901947757,1.7532104561730892
Srisailam_Dam,2024,1,0.1612768476735658,22.865030194354347,35.96113115961117,6.310994202440436,1.655025096611568,0.009354512857268238,21.871150876117042,33.50544527101761,1.3685481923639158
Srisailam_Dam,2024,2,0.13863986863246203,25.633016687152065,38.879994734459956,0.7268212503668938,1.688149359434109,0.021168058143987773,22.865030194354347,35.96113115961117,1.655025096611568
Srisailam_Dam,2024,3,0.1357638968834207,28.248095284738895,43.0489607884507,2.4351573216192652,1.8125001555332845,0.042599579074695464,25.633016687152065,38.879994734459956,1.688149359434109
Srisailam_Dam,2024,4,0.13995040092987612,31.69108282725017,50.650842256719784,7.336972325137168,1.771757868517614,0.04354435659518068,28.248095284738895,43.0489607884507,1.8125001555332845
Srisailam_Dam,2024,5,0.13872304137799962,30.651757956063875,49.02432987933366,158.8413113247265,0.5393032320095146,0.0455489362840153,31.69108282725017,50.650842256719784,1.771757868517614
Srisailam_Dam,2024,9,0.3126415769120174,24.753419770134826,32.06879596805743,148.11187603979403,2.8560406193755417,,25.822735148604238,32.06879596805743,2.2509968936880935
Srisailam_Dam,2024,10,0.2781444915428755,24.92905223805417,35.36590301171509,195.62928005420804,0.5542915884593962,-0.014386459093653178,24.753419770134826,32.06879596805743,2.8560406193755417
Srisailam_Dam,2025,1,0.20663814838206196,22.027417201380615,32.208852290460754,6.493504385153453,1.3324201278834975,,22.427454269573275,32.208852290460754,1.459455107043471
Srisailam_Dam,2025,2,0.1544562095444097,26.10117613020401,38.77047390065957,0.7262565839301908,1.2536353122556299,0.000289647668239413,22.027417201380615,32.208852290460754,1.3324201278834975
Srisailam_Dam,2025,3,0.14144325539073668,28.09444842594928,41.36376036985445,4.686526824127545,1.2488239504004925,0.029673697282674057,26.10117613020401,38.77047390065957,1.2536353122556299
Srisailam_Dam,2025,4,0.17101837561557498,29.296339183383566,43.13824553192762,43.966973405895814,0.7043138643575441,0.03902335950115036,28.09444842594928,41.36376036985445,1.2488239504004925
Srisailam_Dam,2025,5,0.23344044949349504,28.35688860493326,40.13364159204792,281.19318294525146,1.5566721768075442,0.02387929825505185,29.296339183383566,43.13824553192762,0.7043138643575441
Srisailam_Dam,2025,7,0.28076816027380236,25.464380416049778,31.625415929444955,101.20304312489252,4.250358685162193,,26.859200647142245,31.625415929444955,3.642729125232213
Srisailam_Dam,2025,11,0.2766914139596727,22.353481864929222,32.16020266038436,36.53210975184586,1.1648714041726462,,23.946394344042744,32.16020266038436,0.3043381111072949
Srisailam_Dam,2025,12,0.21954176546852533,21.163897266182857,30.291667132496457,9.313326418399813,1.3328615164326767,-0.008900926994953349,22.353481864929222,32.16020266038436,1.1648714041726462
Srisailam_Dam,2026,1,0.19431911107645738,22.0068139599216,31.625791202217897,7.249665955702465,1.482529024302142,0.005188762434599964,21.163897266182857,30.291667132496457,1.3328615164326767
Srisailam_Dam,2026,2,0.16120539319537489,24.117993836175856,37.05552984556016,0.8340030532104502,1.3854066413405057,0.004761632850519521,22.0068139599216,31.625791202217897,1.482529024302142
Srisailam_Dam,2026,3,0.1506365367902477,27.682854793917784,37.147077937053496,8.130621203870485,1.11180124339252,0.025655659180524454,24.117993836175856,37.05552984556016,1.3854066413405057
Srisailam_Dam,2026,4,0.1558306642486557,31.085526423984106,47.50057127290529,12.789429256410312,0.818701048624298,0.02127788170855567,27.682854793917784,37.147077937053496,1.11180124339252
Somasila_Dam,2024,1,0.1684136974872361,24.118637175201115,29.063168919193117,7.684664607048035,1.5891762687059443,,23.52841419096916,29.063168919193117,1.159211609424313
Somasila_Dam,2024,2,0.0457668761497027,26.77063903808596,21.857169049593494,2.3770550191402435,1.9382318696828371,-0.015027370293553168,24.118637175201115,29.063168919193117,1.5891762687059443
Somasila_Dam,2024,3,0.11720019040793186,29.19648973198349,32.35245606885729,2.9796565771102905,2.16168767721754,0.008875460115129097,26.77063903808596,21.857169049593494,1.9382318696828371
Somasila_Dam,2024,4,0.09679516397326711,32.46694817013213,38.52733488021386,3.714000552892685,2.1540692383249453,0.014792369288775595,29.19648973198349,32.35245606885729,2.16168767721754
Somasila_Dam,2024,5,0.08864136691534896,32.60557337525074,37.196305945945596,58.85925316810608,0.3744945007611817,0.03128833507550523,32.46694817013213,38.52733488021386,2.1540692383249453
Somasila_Dam,2024,10,0.20675599592254087,27.511120240406342,32.127948322595614,293.2305564880371,0.1991154393686782,,28.306338606940415,32.127948322595614,2.5897986612571287
Somasila_Dam,2025,1,0.1596680612921335,23.179301546978706,27.234100201662102,10.762388110160828,1.3144054643581664,,24.07068606140797,27.234100201662102,1.2417409086207793
Somasila_Dam,2025,2,0.14559636569644302,26.173860281989732,29.858663464508084,1.854765385389328,1.5044746256459802,-0.0320908467190267,23.179301546978706,27.234100201662102,1.3144054643581664
Somasila_Dam,2025,3,0.10881203120245231,29.20382342594928,33.70499734330269,6.080668568611145,1.758863859566906,-0.011415002673375646,26.173860281989732,29.858663464508084,1.5044746256459802
Somasila_Dam,2025,4,0.09503407323459478,31.298967764112717,38.32352641034686,6.377607941627502,1.3272346035665337,0.007513706111943174,29.20382342594928,33.70499734330269,1.758863859566906
Somasila_Dam,2025,5,0.1154039759503693,30.988842674993748,36.646831357530516,148.3574981689453,1.1829782324538471,0.022466418168548326,31.298967764112717,38.32352641034686,1.3272346035665337
Somasila_Dam,2025,11,0.21875245787188796,24.88776192135282,30.286460589674164,91.06005787849426,1.0455521178934677,,26.501136972570976,30.286460589674164,0.6369518798717498
Somasila_Dam,2025,12,0.1822268196887128,22.124322858420783,26.321972229896687,44.50868844985962,1.0471980272665398,-0.028090275147907823,24.88776192135282,30.286460589674164,1.0455521178934677
Somasila_Dam,2026,1,0.09992554678989073,22.81848178166217,23.816256083718486,19.534014463424683,1.4706342423559926,-0.03093534829210812,22.124322858420783,26.321972229896687,1.0471980272665398
Somasila_Dam,2026,2,0.08893222036938954,24.854199890863356,25.04922209147213,1.8421964943408966,1.597619627385661,-0.009846094628416513,22.81848178166217,23.816256083718486,1.4706342423559926
Somasila_Dam,2026,3,0.09249028911369368,28.757672082224246,35.51558636023276,5.116544127464294,1.8069063805200272,-0.002593454721893584,24.854199890863356,25.04922209147213,1.597619627385661
Somasila_Dam,2026,4,0.0799358226799475,32.08389068179662,39.92313450648584,4.151746094226837,1.5489776745971398,0.013944184708788323,28.757672082224246,35.51558636023276,1.8069063805200272
Kandaleru_Dam,2024,1,0.007081504270533405,24.353844353460545,28.201957068486934,5.450282831986745,1.3197503137974262,,23.90698441946381,28.201957068486934,1.3734786542903705
Kandaleru_Dam,2024,2,0.038153615519244004,26.81868142314346,24.548048457369077,1.7868526627620065,1.9275457123868012,-0.03400373058140295,24.353844353460545,28.201957068486934,1.3197503137974262
Kandaleru_Dam,2024,3,0.02917524735690436,29.025286774994242,30.242179914601593,2.8992069562276206,2.524647914112927,-0.007406582922422681,26.81868142314346,24.548048457369077,1.9275457123868012
Kandaleru_Dam,2024,4,0.03284637211453607,32.128300709194605,33.35148584424576,3.0203136901060743,2.616096990922137,-0.011080536863614567,29.025286774994242,30.242179914601593,2.524647914112927
Kandaleru_Dam,2024,5,0.03624605805663104,32.977281414565255,34.2305631597161,39.95596392949423,0.9113370079519633,0.0008769244780026889,32.128300709194605,33.35148584424576,2.616096990922137
Kandaleru_Dam,2024,10,-0.009724982433045102,27.98051865690502,31.18252175489107,295.3818081219991,0.14671640066893235,,29.080079926384826,31.18252175489107,2.3862512607929354
Kandaleru_Dam,2025,1,0.17048418476509566,23.04543635460641,26.865041302861073,7.15111631155014,0.9945742787475051,,24.43989494077624,26.865041302861073,1.4083870547450064
Kandaleru_Dam,2025,2,-0.02076079392677924,25.492830008552232,27.76361452838853,1.3847676912943523,1.3341221210142362,-0.03689281834723995,23.04543635460641,26.865041302861073,0.9945742787475051
Kandaleru_Dam,2025,3,0.038730610927885135,28.73750170635924,26.605894013660873,4.500702401002248,1.9380779240610482,-0.035656939266247335,25.492830008552232,27.76361452838853,1.3341221210142362
Kandaleru_Dam,2025,4,-0.014720997634844715,31.205244890848803,31.179150010512444,6.374169488747915,1.8569896556062573,-0.015377091888461989,28.73750170635924,26.605894013660873,1.9380779240610482
Kandaleru_Dam,2025,5,-0.008081706418396352,31.39723218692251,31.68962820570806,126.54810174306236,0.8750943691654919,-0.03279396621042288,31.205244890848803,31.179150010512444,1.8569896556062573
Kandaleru_Dam,2025,11,-0.007119739191580724,25.352470037672276,29.607223442835334,159.56754589080813,1.4092008525011481,,27.124848015077703,29.607223442835334,0.7465900351467056
Kandaleru_Dam,2025,12,-0.010221207421000396,22.249275605396576,25.737117460254694,94.00027267138164,1.1951822041315765,-0.02368594065228559,25.352470037672276,29.607223442835334,1.4092008525011481
Kandaleru_Dam,2026,1,0.014120891728058964,22.81039626418908,25.438255117064045,13.162482976913456,1.1810223991612778,-0.042438772560024686,22.249275605396576,25.737117460254694,1.1951822041315765
Kandaleru_Dam,2026,2,0.03670693620453028,24.571729187738356,24.415129776485344,1.3685281177361808,1.2710594851346073,-0.04911389340189194,22.81039626418908,25.438255117064045,1.1810223991612778
Kandaleru_Dam,2026,3,-0.015132523197183674,28.353209821639553,29.25733621842835,4.684996187686921,2.1287351337837146,-0.021162159496327403,24.571729187738356,24.415129776485344,1.2710594851346073
Kandaleru_Dam,2026,4,-0.0035311651543807185,31.61332590315078,31.336069956719598,6.957363724708558,2.303898874253424,-0.03484266046370102,28.353209821639553,29.25733621842835,2.1287351337837146
