Lake_Name,Year,Month,Target_NDCI,Air_Temp_C,Surface_Temp_C,Rainfall_mm,Solar_Radiation,Wind_Speed,Lagged_NDTI,Lagged_Air_Temp_C,Lagged_Surface_Temp_C,Lagged_Wind_Speed
Mettur_Dam,2024,1,0.12180269,25.06560878,28.10755102,20.04373884,,1.014038167,0.037105901,25.10837418,28.46020408,1.188756286
Mettur_Dam,2024,2,0.15002812,27.71482063,31.63183673,6.072628915,,1.180026853,0.000254498,25.06560878,28.10755102,1.014038167
Mettur_Dam,2024,3,0.129189041,29.9073406,34.90265306,6.764944077,,1.236791825,-0.026343031,27.71482063,31.63183673,1.180026853
Mettur_Dam,2024,4,0.150972645,32.30681633,37.70183673,7.879305959,,1.35790669,-0.034433835,29.9073406,34.90265306,1.236791825
Mettur_Dam,2024,5,0.137168765,29.34551373,33.33673469,283.4498367,,0.350017081,-0.050324384,32.30681633,37.70183673,1.35790669
Mettur_Dam,2024,6,0.196855284,27.34522451,32.4177551,191.77209,,0.903743993,-0.047776386,29.34551373,33.33673469,0.350017081
Mettur_Dam,2024,9,0.233322487,27.53827763,32.21265306,43.60015595,,1.219394532,0.102586624,26.55468974,29.41306122,0.693981091
Mettur_Dam,2024,12,0.202907149,24.25251045,26.11897959,83.71623945,,0.731131879,0.102586624,24.90767911,27.31244898,0.953150457
Mettur_Dam,2025,1,0.187567237,23.32928527,26.65489796,11.83370566,,1.162158091,0.057086566,24.25251045,26.11897959,0.731131879
Mettur_Dam,2025,2,0.152450504,25.98390434,29.77265306,6.631795764,,0.839035342,0.045357758,23.32928527,26.65489796,1.162158091
Mettur_Dam,2025,3,0.169907336,28.36339426,32.26469388,43.10636997,,0.795793043,-0.015529175,25.98390434,29.77265306,0.839035342
Mettur_Dam,2025,4,0.189687831,29.06401496,32.18591837,25.49182159,,0.338408611,-0.00584577,28.36339426,32.26469388,0.795793043
Mettur_Dam,2025,5,0.243747404,28.41430103,30.88653061,337.2110415,,0.649008678,0.019107007,29.06401496,32.18591837,0.338408611
Mettur_Dam,2025,6,0.23147772,26.94360277,28.92204082,77.35882521,,1.22332167,0.046496624,28.41430103,30.88653061,0.649008678
Mettur_Dam,2025,9,0.20114462,26.74810066,28.32734694,128.0880561,,1.135081475,0.102586624,26.04152512,29.83795918,1.118748201
Mettur_Dam,2025,12,0.199531346,23.3402613,26.08,11.07797885,,1.264142343,0.102586624,25.22612726,27.09510204,0.915483802
Mettur_Dam,2026,1,0.177258192,23.62901553,25.8655102,18.29462409,,1.21692881,0.046226456,23.3402613,26.08,1.264142343
Mettur_Dam,2026,2,0.152717421,25.79899214,28.73816327,8.455436051,,0.980233064,0.026215574,23.62901553,25.8655102,1.21692881
Mettur_Dam,2026,3,0.173082963,28.69809914,30.34673469,18.07652909,,0.994708117,-0.005926059,25.79899214,28.73816327,0.980233064
Mettur_Dam,2026,4,0.177263791,30.95060075,31.4422449,19.69129688,,1.042231462,-0.016258668,28.69809914,30.34673469,0.994708117
Mettur_Dam,2026,5,0.179689925,27.23544986,31.68693878,82.18299245,,1.290500699,0.008048751,30.95060075,31.4422449,1.042231462
Veeranam_Lake,2024,2,0.269273682,26.58130377,29.34093596,4.959198773,,1.863104202,0.102586624,25.02285267,25.90182266,2.008795571
Veeranam_Lake,2024,3,0.258139477,28.2570051,31.89039409,3.977038145,,1.51773799,0.085611676,26.58130377,29.34093596,1.863104202
Veeranam_Lake,2024,4,0.134883007,30.89794589,37.14019704,3.956966043,,1.682228048,0.007256848,28.2570051,31.89039409,1.51773799
Veeranam_Lake,2024,8,0.213924388,28.89986258,33.21748768,77.26637769,,1.61981144,0.102586624,29.78809954,35.15674877,2.7790913
Veeranam_Lake,2024,9,0.216822642,30.72776059,31.47137931,81.42606163,,1.493017273,-0.031911368,28.89986258,33.21748768,1.61981144
Veeranam_Lake,2024,10,0.290553717,27.5937474,28.62349754,291.7981339,,0.764367167,-0.010604214,30.72776059,31.47137931,1.493017273
Veeranam_Lake,2024,11,0.451006129,25.66656312,26.72960591,627.3509712,,2.29191448,0.178294853,27.5937474,28.62349754,0.764367167
Veeranam_Lake,2025,1,0.313743847,24.30825505,25.60270936,41.41955614,,2.577129568,0.102586624,25.37555207,25.85635468,1.66693215
Veeranam_Lake,2025,2,0.227994781,25.3603285,27.95935961,14.88965964,,1.685191751,0.087074746,24.30825505,25.60270936,2.577129568
Veeranam_Lake,2025,3,0.137485904,27.60897086,30.3229064,49.18758082,,1.147319522,0.025402122,25.3603285,27.95935961,1.685191751
Veeranam_Lake,2025,4,0.200540652,30.24874532,32.07364532,17.78387189,,1.332071507,0.010317739,27.60897086,30.3229064,1.147319522
Veeranam_Lake,2025,5,0.248545202,30.5361692,33.08576355,165.7805661,,1.826167934,-0.033213332,30.24874532,32.07364532,1.332071507
Veeranam_Lake,2025,6,0.327607826,30.43968567,29.20566502,16.12335962,,2.49801266,-0.033741712,30.5361692,33.08576355,1.826167934
Veeranam_Lake,2025,7,0.253984388,30.35344607,29.80423645,22.78431702,,2.760943919,0.022174946,30.43968567,29.20566502,2.49801266
Veeranam_Lake,2025,10,0.325281304,27.4859215,27.40019704,378.0004876,,0.199952255,0.102586624,29.53318367,30.27679803,1.658432807
Veeranam_Lake,2025,11,0.285699983,25.98414593,25.02980296,461.428318,,2.173533268,0.097315968,27.4859215,27.40019704,0.199952255
Veeranam_Lake,2025,12,0.408755612,24.03517478,24.29921182,107.0842619,,2.569741254,0.192225377,25.98414593,25.02980296,2.173533268
Veeranam_Lake,2026,1,0.388217997,23.40254229,24.48753695,49.82576728,,2.681232799,0.174458774,24.03517478,24.29921182,2.569741254
Veeranam_Lake,2026,2,0.174467934,24.77220933,26.61463054,12.9065038,,2.171544152,0.114668387,23.40254229,24.48753695,2.681232799
Veeranam_Lake,2026,3,0.340878388,27.32834686,28.58931034,15.88813221,,1.303958443,0.085101776,24.77220933,26.61463054,2.171544152
Veeranam_Lake,2026,4,0.191783816,30.59872358,31.04270936,10.88572863,,1.725062203,0.081608521,27.32834686,28.58931034,1.303958443
Veeranam_Lake,2026,5,0.220579622,27.23544986,28.87044306,82.18299245,,1.290500699,-0.047164048,30.59872358,31.04270936,1.725062203
Bhavanisagar,2024,1,0.066712148,24.04286433,26.3504878,27.08694184,,0.55482736,0.102586624,24.06169082,26.07185366,0.247061599
Bhavanisagar,2024,2,0.078053563,26.12101451,29.05234146,3.420371056,,0.468121762,0.137094587,24.04286433,26.3504878,0.55482736
Bhavanisagar,2024,3,0.097236144,28.88040638,33.38887805,7.430261612,,0.771667293,0.191826653,26.12101451,29.05234146,0.468121762
Bhavanisagar,2024,4,0.141170218,30.74742506,36.84126829,8.576439857,,0.63121279,-0.008791977,28.88040638,33.38887805,0.771667293
Bhavanisagar,2024,5,0.150178865,28.1059094,31.59526829,256.0549369,,0.211373401,-0.094863411,30.74742506,36.84126829,0.63121279
Bhavanisagar,2024,6,0.15411909,26.1858061,32.92004878,15.58927437,,0.078983844,-0.086641426,28.1059094,31.59526829,0.211373401
Bhavanisagar,2024,9,0.057417355,25.90263038,28.04956098,21.70125872,,0.367043571,0.102586624,25.48612823,26.55780488,0.128832582
Bhavanisagar,2024,12,0.089910192,23.20557507,25.76229268,59.63932097,,0.078592799,0.102586624,23.77095494,25.19107317,0.169837576
Bhavanisagar,2025,1,0.028568632,22.56750877,24.33390244,10.25018418,,0.271729636,0.234391058,23.20557507,25.76229268,0.078592799
Bhavanisagar,2025,2,0.020509584,24.90039953,27.14502439,3.680024505,,0.393978015,0.279660103,22.56750877,24.33390244,0.271729636
Bhavanisagar,2025,3,0.05947577,27.09156337,29.03268293,42.65087867,,0.359968737,0.272664293,24.90039953,27.14502439,0.393978015
Bhavanisagar,2025,4,0.109969236,28.22911913,28.41692683,42.82881176,,0.200317357,0.211287032,27.09156337,29.03268293,0.359968737
Bhavanisagar,2025,5,0.125742894,27.06836951,30.42063415,255.3571959,,0.187983577,0.046944193,28.22911913,28.41692683,0.200317357
Bhavanisagar,2025,8,0.05548215,24.73120401,25.17970732,72.85024691,,0.416113264,0.102586624,25.02571484,26.23941463,0.637598691
Bhavanisagar,2025,9,0.062952159,25.1673715,27.24697561,82.91543972,,0.378121438,0.225777031,24.73120401,25.17970732,0.416113264
Bhavanisagar,2025,10,0.078759783,24.39081166,26.57663415,252.3358803,,0.160940671,0.235143212,25.1673715,27.24697561,0.378121438
Bhavanisagar,2025,11,0.046393996,23.58520658,26.6397561,71.73572397,,0.247354495,0.117224048,24.39081166,26.57663415,0.160940671
Bhavanisagar,2025,12,0.007848526,22.41833117,25.26531707,14.38884115,,0.07600534,0.170111529,23.58520658,26.6397561,0.247354495
Bhavanisagar,2026,1,0.024546966,22.48422439,24.43468293,19.85970998,,0.256493805,0.169773475,22.41833117,25.26531707,0.07600534
Bhavanisagar,2026,2,0.119956591,24.37625974,26.24946341,7.591132402,,0.320403888,0.196654377,22.48422439,24.43468293,0.256493805
Bhavanisagar,2026,3,0.0954728,27.24918491,28.77336585,17.8665179,,0.359240575,0.284177447,24.37625974,26.24946341,0.320403888
Bhavanisagar,2026,4,0.088459117,29.47264122,31.34560976,15.45739776,,0.277678771,0.159053797,27.24918491,28.77336585,0.359240575
Bhavanisagar,2026,5,0.097890876,27.23544986,29.96380488,82.18299245,,1.290500699,0.082126802,29.47264122,31.34560976,0.277678771
Chembarambakkam,2024,2,-0.003526207,26.36754322,27.48038835,3.323165447,,1.463518873,0.102586624,24.84437275,26.16679612,1.801923118
Chembarambakkam,2024,3,0.056520965,28.08545563,29.26543689,2.473457336,,2.064261748,0.14779828,26.36754322,27.48038835,1.463518873
Chembarambakkam,2024,4,0.001375851,30.64722432,30.90169903,2.708905727,,2.539150036,0.114852495,28.08545563,29.26543689,2.064261748
Chembarambakkam,2024,9,0.037642853,29.5972837,28.6615534,122.7155461,,1.356047898,0.102586624,28.87198855,28.3523301,2.075892782
Chembarambakkam,2024,10,0.087602136,27.65485606,28.11980583,313.7348652,,0.439890909,0.1071656,29.5972837,28.6615534,1.356047898
Chembarambakkam,2025,2,0.012693604,25.27185077,27.22296117,4.484301507,,0.968384984,0.102586624,24.18702217,24.37140777,2.428697896
Chembarambakkam,2025,3,0.003710856,27.70118251,28.90975728,10.68323112,,1.404175169,0.189617191,25.27185077,27.22296117,0.968384984
Chembarambakkam,2025,4,0.002827727,30.07068272,28.33679612,11.0934397,,1.965325186,0.17511067,27.70118251,28.90975728,1.404175169
Chembarambakkam,2025,5,0.032337191,30.65512607,29.75165049,63.09030843,,1.73953777,0.156460495,30.07068272,28.33679612,1.965325186
Chembarambakkam,2025,6,0.059845867,31.23162089,27.4361165,82.22018337,,2.606338876,0.110079136,30.65512607,29.75165049,1.73953777
Chembarambakkam,2025,7,0.097900597,30.51401447,27.65621359,74.46937436,,2.827762512,0.116045408,31.23162089,27.4361165,2.606338876
Chembarambakkam,2025,9,-0.09860294,29.15177091,27.53029126,204.7527418,,1.709831237,0.102586624,28.63905011,27.98446602,1.889855898
Chembarambakkam,2025,10,0.117196444,27.19282412,26.63941748,363.6629572,,0.140794888,0.083761514,29.15177091,27.53029126,1.709831237
Chembarambakkam,2025,11,0.035926203,26.07980294,26.10466019,206.0290951,,2.509725868,0.239422523,27.19282412,26.63941748,0.140794888
Chembarambakkam,2025,12,0.018866758,23.79949507,24.11645631,155.4861293,,2.852600029,0.095923888,26.07980294,26.10466019,2.509725868
Chembarambakkam,2026,1,0.022275631,23.54599459,24.44169903,43.60868406,,2.603766739,0.118733395,23.79949507,24.11645631,2.852600029
Chembarambakkam,2026,2,0.040419174,24.71191241,25.28237864,4.682918221,,1.966853884,0.080504319,23.54599459,24.44169903,2.603766739
Chembarambakkam,2026,3,0.04531997,27.12063569,28.51446602,10.09003103,,1.791654278,0.148677482,24.71191241,25.28237864,1.966853884
Chembarambakkam,2026,4,0.070011314,30.0733628,28.85427184,8.270060152,,2.981491227,0.194593989,27.12063569,28.51446602,1.791654278
Chembarambakkam,2026,5,0.066264354,27.23544986,27.81616505,82.18299245,,1.290500699,0.130589588,30.0733628,28.85427184,2.981491227
Poondi_Reservoir,2024,2,0.051750933,25.93209457,27.74913265,2.241279259,,1.052381637,0.102586624,24.12893833,26.78204082,1.337321013
Poondi_Reservoir,2024,3,0.099633519,28.08503822,29.52061224,3.527711183,,1.58835412,0.153744415,25.93209457,27.74913265,1.052381637
Poondi_Reservoir,2024,4,0.102566995,31.06174255,32.04846939,4.041078851,,2.106279963,0.147003473,28.08503822,29.52061224,1.58835412
Poondi_Reservoir,2024,9,0.27311836,29.92852556,34.19183673,106.0278442,,1.266312857,0.102586624,28.92306382,32.29770408,1.680229316
Poondi_Reservoir,2024,10,0.291118165,27.41435655,29.00566327,324.4203424,,0.171978343,0.016802166,29.92852556,34.19183673,1.266312857
Poondi_Reservoir,2025,2,0.039490795,24.84775816,27.83122449,2.911704361,,0.677302996,0.102586624,23.44890105,25.26602041,1.905918756
Poondi_Reservoir,2025,3,0.047952733,27.68411629,29.2594898,11.62122339,,1.088974547,0.121664741,24.84775816,27.83122449,0.677302996
Poondi_Reservoir,2025,4,0.088765587,30.44294563,29.29265306,11.19110885,,1.519792453,0.194370911,27.68411629,29.2594898,1.088974547
Poondi_Reservoir,2025,5,0.091857199,30.77758753,30.14877551,63.61867583,,1.274155442,0.198785956,30.44294563,29.29265306,1.519792453
Poondi_Reservoir,2025,6,0.144727399,31.42110386,28.96428571,76.87464654,,2.408777727,0.14865583,30.77758753,30.14877551,1.274155442
Poondi_Reservoir,2025,7,0.118457681,30.84628198,27.75632653,59.13472533,,2.877845024,0.1992701,31.42110386,28.96428571,2.408777727
Poondi_Reservoir,2025,9,0.125613744,29.28511509,26.91744898,167.683908,,1.561815163,0.102586624,28.59978022,26.86142857,1.659910543
Poondi_Reservoir,2025,10,0.104059473,26.97016787,27.59729592,364.0477581,,0.29583956,0.178462008,29.28511509,26.91744898,1.561815163
Poondi_Reservoir,2025,11,0.175853598,25.6464262,26.07872449,143.8890493,,2.134585759,0.186171623,26.97016787,27.59729592,0.29583956
Poondi_Reservoir,2025,12,0.046291106,23.07795977,25.07260204,94.10808095,,2.386926675,0.175618336,25.6464262,26.07872449,2.134585759
Poondi_Reservoir,2026,1,0.023384838,23.06745534,24.79163265,38.47002447,,2.087542495,0.182816713,23.07795977,25.07260204,2.386926675
Poondi_Reservoir,2026,2,0.058791806,24.40041513,25.69479592,2.386869729,,1.611688566,0.251647339,23.06745534,24.79163265,2.087542495
Poondi_Reservoir,2026,3,0.048727757,27.22831483,28.60877551,13.45223629,,1.37656165,0.190817884,24.40041513,25.69479592,1.611688566
Poondi_Reservoir,2026,4,0.08282542,30.44002675,30.0727551,10.64850652,,2.336047552,0.195497449,27.22831483,28.60877551,1.37656165
Poondi_Reservoir,2026,5,0.102734484,27.23544986,29.23234694,82.18299245,,1.290500699,0.15983305,30.44002675,30.0727551,2.336047552
